:020000040800F2
:100000004008002045010008E5330008D12600081B
:10001000D52E0008590C0008635A000800000000A3
:10002000000000000000000000000000F144000893
:10003000F11A000800000000313900083D490008AD
:100040005F0100085F0100085F0100085F01000810
:100050005F0100085F0100085F0100085F01000800
:100060005F0100085F0100085F0100085F010008F0
:100070005F0100085F0100085F0100085F010008E0
:100080005F0100085F0100085F0100085F010008D0
:100090005F0100085F0100085F0100085F010008C0
:1000A0005F0100085F0100085F0100085F010008B0
:1000B0005F0100085F0100085F0100085F010008A0
:1000C0005F0100085F0100085F0100085F01000890
:1000D0005F0100085F0100085F0100085F01000880
:1000E0005F0100085F0100085F0100085F01000870
:1000F0005F0100085F0100085F0100085F01000860
:100100005F0100085F0100085F0100085F0100084F
:10011000B95600085F010008E14B0008FD4C0008DB
:100120005F0100085F0100085F0100085F0100082F
:10013000DFF80CD000F028FC00480047C96C00082C
:10014000400800200648804706480047FEE7FEE7D3
:10015000FEE7FEE7FEE7FEE7FEE7FEE7FEE7FEE777
:100160004149000831010008D2B201E000F8012B3A
:10017000491EFBD270470022F6E710B513460A4627
:1001800004461946FFF7F0FF204610BDF0B480EAA0
:100190000102D40F4200B2EB410F02D202460846E0
:1001A00011464A0042D0C30DDDB2C1F3C752AD1AA9
:1001B000202D35DAC1F3160141F4000204B1524298
:1001C000C5F1200602FA06F12A411044B3EBD05FD4
:1001D00023D0C4B1012DA0EBC35009DCF0BC4FF01B
:1001E000004202EAC352DBB200F5000000F08BBA15
:1001F000400000F1807000EBC350A0F1807040EA35
:10020000D170490009E0490841EAC071A0EBC35030
:1002100000F50000400800EBC350F0BC00F06ABAE3
:100220006142012202EB4101001BF6E7F0BC70477E
:1002300081F00041AAE780F00040A7E780EA0102D0
:1002400010B502F00043400022D04A001FD0010E3A
:1002500001EB1261C0F35600C2F3560240F40000F5
:1002600042F40002A0FB022000047F39140400D0F5
:10027000401C50EA124001D44000491EC2B20C0694
:1002800004EBD010401C4008802A02D003E000207C
:1002900010BD20F00100002900DA0020184310BD35
:1002A00030B480EA010202F0004530F0004221F053
:1002B000004013D090B1C30DD40DC2F31601C0F3AA
:1002C0001600E41A41F4000140F400027D3491422A
:1002D00001D3641C00E04900002C02DA30BC00208D
:1002E00070474FF400000023914201D3891A034361
:1002F00040084FEA4101F7D151B1914202D14FF08C
:10030000004105E002D24FF0010101E06FF0010170
:1003100003EBC450284430BC00F0ECB92DE9FE4F8B
:10032000804681EA0300C00F0C46009021F0004196
:1003300023F00045B8EB0200A94105D24046214612
:1003400090461C460B46024623F00040104347D01F
:10035000270DC7F30A00C3F30A510290401A019017
:1003600040286BDAC3F3130040F4801B00989246D8
:1003700020B10023D2EB030A63EB0B0B0198594623
:10038000C0F14002504600F094F906460D46504632
:100390005946019A00F09CF910EB080061410024D5
:1003A00087EA115284EAE7731A4340D0009A62B395
:1003B000019A012A4FEA075215DC001B61EB02018A
:1003C0004FF0004202EA0752CDE90042001C41F51D
:1003D000801132462B4600F0D3F903B0BDE8F08F10
:1003E00040462146F9E7001B61EB0201001C41F584
:1003F000801300185B412018A2F5001747EB03019A
:1004000040EAD570B6196D4111E06D084FEA360625
:1004100045EAC0754FEA0752001B61EB0201001C60
:1004200041F5801149084FEA300000195141324628
:100430002B4603B0BDE8F04F00F093B900980122BD
:1004400040000023D0EB020263EBE07300982146EA
:100450004FEAE074B8EB000061EB0401E9E783F0D8
:1004600000435BE781F0004158E72DE9FE4F81EA48
:10047000030404F0004421F0004100944FF0000B0D
:1004800023F0004350EA01045ED052EA03045BD03B
:10049000C3F30A54C1F30A552C44A4F2F334019473
:1004A000A0FB0254C1F3130141F48011C3F3130301
:1004B00043F4801301FB024400FB034E840A970AB5
:1004C00044EA815447EA8357A4FB076802958D0AE2
:1004D00005FB07854FEA932C04FB0C542705029D6E
:1004E0004FEA065847EA1637B5EB08056EEB070CDE
:1004F000870E920E47EA811742EA8312A7FB020198
:10050000B6EB0B0164EB00042B0D43EA0C335E18D1
:1005100044EB1C50DA465146E7FB0201C5F31304D5
:100520004FEA0B3343EA14534FEA0432019C43EA87
:100530000603A4F10C040294009CCDE900B400F081
:100540001FF903B0BDE8F08F00200146F9E7C10FA5
:1005500080EAE0700844CA079623002100F0D3B86F
:1005600096230022114600F0CEB800F0004220F0A1
:100570000040C10DC0F3160040F400007F2901DAED
:1005800000207047962903DCC1F19601C84001E0C4
:1005900096398840002AF4D04042704700F000426B
:1005A00030F000400AD0C10D01F56071C0F31600B3
:1005B00042EA0151C208400711437047002001463A
:1005C000704701F0004330B421F0004150EA0102CD
:1005D00006D00A0DA2F56072C1F31301002A02DCF5
:1005E00030BC00207047440F44EAC104C100E01849
:1005F00030BC00EBC25000F07DB80000002801DBE9
:10060000C0F10040002901DBC1F100418142704787
:10061000002801DBC0F10040002901DBC1F10041ED
:100620008842704730B50B46014600202022012445
:1006300009E021FA02F59D4205D303FA02F5491BB0
:1006400004FA02F52844151EA2F10102F1DC30BDC6
:100650002DE9F05F0546002092469B4688460646F7
:10066000814640241BE0284641464746224600F08A
:100670009DF953465A46C01A914110D31146184667
:10068000224600F016F82D1A67EB01084F46224665
:100690000120002100F00DF817EB00094E41201E4B
:1006A000A4F10104DFDC484631462A464346BDE852
:1006B000F09F202A04DB203A00FA02F10020704764
:1006C0009140C2F1200320FA03F319439040704790
:1006D000202A06DBCB17203A41FA02F043EAE07306
:1006E00006E041FA02F3D040C2F1200291400843F3
:1006F000194670470029A8BF7047401C490008BF31
:1007000020F00100704710B4B0FA80FC00FA0CF041
:1007100050EA010404BF10BC704749B1CCF1200479
:1007200021FA04F411FA0CF118BF01212143084306
:10073000A3EB0C01CB1D4FEA00614FEA102042BF32
:10074000002010BC704700EBC35010440029A4BF28
:1007500010BC7047401C490008BF20F0010010BCCD
:10076000704710B5141E73F1000408DA401C41F103
:10077000000192185B411A4301D120F0010010BD25
:100780002DE9F04D92469B4611B1B1FA81F202E09B
:10079000B0FA80F220329046FFF78BFF04460F46F6
:1007A00040EA0A0041EA0B0153465A46084313D077
:1007B000114653EA010019D0C8F14002504600F03A
:1007C000F5F805460E46504659464246FFF771FF7A
:1007D000084305D0012004E020463946BDE8F08DED
:1007E0000020054346EAE0762C4337430A98630528
:1007F000E40AA0EB08000022FD0A44EA47540A304C
:1008000002D500200146E9E7010510196941DDE93B
:10081000084500196941BDE8F04DA2E72DE9F04D0A
:1008200081EA030404F0004B21F0004514464FF028
:10083000000A23F0004150EA050220D054EA0102E8
:100840001DD0C5F30A570246C5F31303C1F31300C5
:10085000C1F30A5640F4801543F48013A7EB060851
:10086000101BD64608F2FD3873EB050002D308F1E1
:10087000010801E092185B41B8F1000F03DA002093
:100880000146BDE8F08D00204FF4801106468446F5
:100890000EE0171B73EB050705D3121B63EB050373
:1008A00006434CEA010C49084FEA300092185B41BC
:1008B00050EA0107EDD152EA030012D082EA0400A7
:1008C00083EA0501084305D0101BAB4106D2012283
:1008D000002306E000224FF0004302E06FF0010227
:1008E00053101AEB06004CEB085110EB0A0041EBD9
:1008F0000B01BDE8F04DFFF734BF70B521F00043A8
:1009000003430CD0C1F30A550024D5EB040564EB76
:100910000403D617AD1AB34102DB0020014670BDB7
:10092000201841EB025170BDC1F30A52C1F313010B
:1009300040F2FF3341F480119A4202DA002001466E
:10094000704740F233439A42A2F2334202DC5242F1
:1009500000F02CB8FFF7ADBE30B5041E71F10004F5
:1009600004DB4FF00044404264EB0101141E73F1BC
:10097000000405DB1C464FF00043524263EB0403C6
:10098000994208BF904230BD064C074D06E0E06832
:1009900040F0010394E8070098471034AC42F6D3C6
:1009A000FFF7CAFBC8900008E8900008202A04DB83
:1009B000203A21FA02F00021704721FA02F3D040D8
:1009C000C2F1200291400843194670472DE9F04DCD
:1009D00000231A461B1A8A4103DB00200146BDE8AA
:1009E000F08DC1F30A52C1F3130141F480154FF0A9
:1009F000000BD10702D100186D41521E002704469A
:100A000040F2FF11384601EB620A3E46804602463C
:100A100000204FF48011FFF7C9FFC2197141BB18C4
:100A200046EB0100B4EB030C75EB000C04D3E41AA5
:100A300065EB000517460E46241908F101006D41CB
:100A400080463428E3DDF91946EB0600091BA8416E
:100A500003D24FF0FF32134601E0002213461BEB96
:100A6000070046EB0A51BDE8F04DFFF77ABE70B5BE
:100A70008C1810F8015B15F0070301D110F8013B49
:100A80002A1106D110F8012B03E010F8016B01F8D0
:100A9000016B5B1EF9D12B0705D40023521E0DD428
:100AA00001F8013BFAE710F8013BCB1A921C03E076
:100AB00013F8015B01F8015B521EF9D5A142D8D3AE
:100AC000002070BD10B502F017F802F077FD02F0BB
:100AD00003FA134804F06EFE4FF47A7001F009F83F
:100AE00002F054FA01F02EFF02F040FC03F002FD88
:100AF00003F0A8FD02F050FA03F02EFE01F01CF8FE
:100B000002F0A0FB06F01CFA04F0BCF84FF41670DB
:100B100002F05CFE4FF4876002F06CFE10BD000036
:100B20000000A04070B504463C4800683C4908609D
:100B30003C48806848622146394806F0CBF938487D
:100B4000806A394908603949B1F90A00FFF7FFFCAA
:100B50000546374801682846FFF770FB324948626E
:100B60002146314806F0B6F93249097889004842F1
:100B7000FFF7EDFC05462C48816A2846FFF758FB35
:100B80002D4908602B49097889004842FFF7DFFCAE
:100B900005462548816A2846FFF7F8FA2749086084
:100BA0002449097889004842FFF7D1FC05461E48D0
:100BB000816A2846FFF73CFB214908601D490978F6
:100BC00089004842FFF7C3FC05461748816A28465A
:100BD000FFF7DCFA1B4908601B48006816494862A9
:100BE0001A48006815494862194800681449486263
:100BF000184800681349486221460F4806F06AF910
:100C000021460E4806F066F921460D4806F062F9C5
:100C100021460C4806F05EF970BD00003800002047
:100C2000C4020020C4010020F8020020B801002006
:100C3000CC8F0008F0000020F401002028020020E2
:100C40005C02002090020020480000204C000020A0
:100C5000500000205400002000BFFEE710B50446FD
:100C6000012C46D16B48007838B9BB206A4908701E
:100C700003F0BCFC01206749087000216748006848
:100C8000FFF7BCFC0BD0002165480068FFF7B6FCFD
:100C900005D06448007810B9122063490870634990
:100CA0005E480068FFF7B4FC22D861495B480068E1
:100CB000FFF7A4FCF8D85F4959480068FFF7A8FC83
:100CC000F2D85D4956480068FFF798FCECD85548C3
:100CD000007800280CD1FF205349087001204E49AC
:100CE000087003F083FC0120544908704D490870D6
:100CF0008FE0022C46D15248007838B9BC204649D2
:100D0000087003F073FC01204D490870002143482E
:100D10000068FFF773FC0BD0002141480068FFF723
:100D20006DFC05D04748007810B912203E49087084
:100D30003E493A480068FFF76BFC6AD83C4937489F
:100D40000068FFF75BFC64D83A4935480068FFF754
:100D50005FFC5ED8384932480068FFF74FFC58D82E
:100D600038480078002854D1FF202F49087001200E
:100D70002949087003F03AFC0120334908703149D1
:100D8000087046E0032C44D13048007838B9BD20C3
:100D90002149087003F02AFC01202C490870002129
:100DA0001E480068FFF72AFC0BD000211C48006891
:100DB000FFF724FC05D02648007810B912201A4904
:100DC00008701A4915480068FFF722FC21D8184915
:100DD00012480068FFF712FC1BD81649104800683B
:100DE000FFF716FC15D814490D480068FFF706FCFC
:100DF0000FD81748007860B9FF200B490870012010
:100E00000549087003F0F2FB0120124908701049EF
:100E1000087010BD070100202400002030000020D1
:100E200034000020FE000020D00000200000E1433C
:100E300000803B4400000C430000DC430101002023
:100E4000080100200001002002010020090100200B
:100E5000FF0000200301002010B50446012C04D03F
:100E6000022C3FD0032C3CD179E04FF4AF7002F05C
:100E7000B7FC02F08BF8594800F0D0FD4FF4FA703F
:100E800000F037FE4FF4967002F0A0FC4FF4FA70B9
:100E900000F02FFE02F07AF8504804F08BFC40F688
:100EA000FC0002F0A7FC40F2DC5000F022FE02F051
:100EB0006DF84B4800F0B2FD4FF4FA7000F019FEE7
:100EC0004FF4167002F082FC4FF47A7000F011FEBD
:100ED00002F05CF8424804F06DFC4FF4876005F0C6
:100EE000CFFD79E04FF47A7002F07AFC02F04EF810
:100EF0003A4800F093FD4FF4FA7000F0FAFD4FF419
:100F0000967002F063FC4FF4FA7000F0F2FD02F00C
:100F10003DF8324804F04EFC40F6FC0005F0B0FD10
:100F200040F2DC5000F0E5FD02F030F82C4800F013
:100F300075FD4FF4FA7000F0DCFD4FF4167002F00E
:100F400045FC4FF47A7000F0D4FD02F01FF82448FD
:100F500004F030FC4FF4876005F092FD3CE040F275
:100F6000AE6002F03DFC02F011F81C4800F056FDA6
:100F70004FF4FA7000F0BDFD4FF4967002F026FCBD
:100F80004FF4FA7000F0B5FD02F000F8134804F0D9
:100F900011FC40F6FC0005F073FD40F2DC5000F05F
:100FA000A8FD01F0F3FF0E4800F038FD4FF4FA7091
:100FB00000F09FFD4FF4167002F008FC4FF47A70B9
:100FC00000F097FD01F0E2FF054804F0F3FB4FF459
:100FD000876005F055FD00BF00BF10BD0000A040B8
:100FE0003333F33F10B50446012C04D0022C53D008
:100FF000032C50D1A1E040F2631002F0F1FB01F0AC
:10100000C5FF4FF4FA7000F074FD754800F006FD5E
:101010004FF47A7000F06DFD4FF4967002F0D6FB3D
:101020004FF47A7000F065FD01F0B0FF6C4804F0F9
:10103000C1FB4FF47A7000F05CFD40F6FC0005F057
:101040001FFD4FF47A7000F054FD01F09FFF6548DA
:1010500000F0E4FC4FF47A7000F04BFD4FF4FA70AE
:1010600002F0B4FB4FF47A7000F043FD01F08EFF04
:101070005C4804F09FFB4FF47A7000F03AFD4FF4A7
:10108000FA7002F0A3FB4FF4707002F0A9FB4FF46A
:10109000876005F0F5FCA1E04FF4707002F0A0FB52
:1010A00001F074FF4FF4FA7000F023FD4C4800F09B
:1010B000B5FC4FF47A7000F01CFD4FF4967002F00E
:1010C00085FB4FF47A7000F014FD01F05FFF444897
:1010D00004F070FB4FF47A7000F00BFD40F6FC005A
:1010E00005F0CEFC4FF47A7000F003FD01F04EFFE6
:1010F0003C4800F093FC4FF47A7000F0FAFC4FF497
:10110000FA7002F063FB4FF47A7000F0F2FC01F029
:101110003DFF344804F04EFB4FF47A7000F0E9FCD8
:101120004FF4FA7002F052FB40F2AE6002F058FB4E
:101130004FF4876005F0A4FC50E040F2AE6002F08E
:101140004FFB01F023FF4FF4FA7000F0D2FC24486B
:1011500000F064FC4FF47A7000F0CBFC4FF4967012
:1011600002F034FB4FF47A7000F0C3FC01F00EFF84
:101170001B4804F01FFB4FF47A7000F0BAFC40F6F5
:10118000FC0005F07DFC4FF47A7000F0B2FC01F039
:10119000FDFE144800F042FC4FF47A7000F0A9FC08
:1011A0004FF4FA7002F012FB4FF47A7000F0A1FCD9
:1011B00001F0ECFE0B4804F0FDFA4FF47A7000F0F9
:1011C00098FC4FF4FA7002F001FB40F2631002F059
:1011D00007FB4FF4876005F053FC00BF00BF10BD54
:1011E0009A9925413333F33F10B5314800780321F4
:1011F00090FBF1F201FB12002D49087008460078BF
:10120000401C087008460078FFF7ECFE4FF47A7037
:1012100000F06FFC26480078012813D1254908709A
:101220000020254908702549087025488078244900
:101230004978884203DC11202249087002E00D2021
:10124000204908701A480078022814D101201B494F
:101250000870002017490870174908701848C078AE
:1012600017498978884203DC11201649087002E08A
:101270000D20144908700E480078032816D100206C
:101280000E4908700B4908700B4908700E48007829
:10129000012803D00C480078042807D115200949FB
:1012A0000870AD200649087003F0A0F910BD0000D9
:1012B00039010020F8000020F7000020F90000208C
:1012C00024000020D00000200A0100202DE9F84F62
:1012D000FE48007818B1FD48007803287ED1FC480C
:1012E0000068401CFA49086008460068FA2813D3D1
:1012F000F848007880B9F848007818B91320F74901
:10130000087009E0F4480078012805D10D20F34960
:1013100008700120EF490870ED48006840F26C71D8
:10132000884219D3EE480078B0B9FA20ED49087028
:1013300003F05CF91720E9490870E548006840F6B9
:101340000201884208D3FF20E44908700020E649E2
:1013500008700120E24908700021E4480068FFF7A6
:101360004DF912D00021E2480068FFF747F90CD090
:10137000E048007848B9DA480078012805D10F2004
:10138000D64908700120DB490870D7480078CD287D
:1013900009D1D24800780F2805D1FF20CF49087025
:1013A0000120D5490870D549D5480068FEF7EEFE02
:1013B0000446D44881682046FFF720F915D8C7486D
:1013C0000078142811D10621CF4805F06DFD1720B3
:1013D000C2490870CB488068C94900E089E00860CC
:1013E000AD20C049087003F001F9BF480078AD286E
:1013F00012D1BA48007817280ED1BF4800780128CA
:101400000AD11420B54908700120B7490870B549C0
:10141000087003F0EBF819E2B048007814280ED1F8
:10142000B548007858B91720AC490870AD20AD49CF
:10143000087003F0DBF80120B449087006E2A74801
:101440000078172803D0A5480078FF28E3D1AA48E0
:1014500000780128DFD1AD4800780128DBD1FF20DA
:101460009E490870AD209F49087003F0BFF8A84856
:101470000068401CA649086008460068B0F5C87FAF
:10148000C9D3A0498868FFF789F804460D46A148EA
:101490000168A148FEF7CCFE0090FFF77FF8804678
:1014A0009E4A9F4BFEF7E1FF064622462B46FEF77B
:1014B00035FF8246FFF785F891490860002084498E
:1014C000086093490860AD208649087003F08EF8E3
:1014D00000208E4908708E49086017207F490870E7
:1014E00000209049087079480078401C77490870BE
:1014F000ACE176480078012803D0744800780428CD
:1015000071D179480078AD2813D174480078172834
:101510000FD17948007801280BD18348007840B971
:101520000D206E490870AA206E49087003F05EF81D
:1015300023E06D480078AA281FD16F480078012861
:101540001BD10F2065490870FB206649087003F025
:101550004DF8002165480068FFF750F80DD00021D4
:1015600063480068FFF74AF807D000205E4908701A
:1015700001206C49087003F039F86C4800780128A4
:1015800007D168480078012803D15649487802F00D
:1015900055FA67480078012803D15249887802F04B
:1015A0004DFA64480078012803D14E49C87802F00A
:1015B00045FA61480078012820D15C480078E8B9F4
:1015C0005B480078D0B95B480078B8B956480078D5
:1015D00080B9444840784349C978884204DC1120E6
:1015E0003E49087003E0D2E00D203C49087001201C
:1015F0004D4908703B494878FFF730FB4F48007869
:10160000012803D137498878FFF728FB4C48007838
:10161000012803D13349C878FFF720FB3749384800
:101620000068FEF705FE0446364881682046FEF74E
:10163000E5FF13D82948007815280FD10621324834
:1016400005F032FC1720254908702D4800682C4908
:101650000860AD202349087002F0C8FF22480078D6
:10166000AD286FD11D480078172803D01B4800789B
:10167000FF28F6D1FF201949087025480068401C52
:101680002349086008460068B0F5C87F5AD31D4951
:101690008868FEF783FF804689461E4801681E4819
:1016A000FEF7C6FD0090FEF779FF06461B4A1C4B6D
:1016B000FEF7DBFE044642464B46FEF72FFE82460F
:1016C000FEF77FFF0E49086011203CE00A01002070
:1016D000DC000020E100002064000020D000002099
:1016E000D8000020240000203C0000203000002012
:1016F00034000020D9000020E800002000009642BD
:1017000038000020C401002018010020E000002063
:10171000E4000020400000200000B4423D0AD7A3AE
:10172000703DDA3FFA0000200B010020F400002099
:10173000F5000020F6000020F7000020F80000204F
:10174000F900002082E07E490870AA207D490870D7
:1017500002F04CFF01207C4908707C480078401C56
:101760007A49087001207A4908707A490870002087
:101770007949087079490870794908707949087081
:101780007949087079490870794908605EE06F48C6
:101790000078022803D06D480078052856D16C489F
:1017A0000078012807D168480078012803D16549ED
:1017B000487802F043F96F480078012803D1614965
:1017C000887802F03BF96C480078012803D15D4924
:1017D000C87802F033F9694969480068FEF728FDC6
:1017E0000446684881682046FEF712FF17D854481F
:1017F0000078152813D16448007880B90621634821
:1018000005F052FB17204E4908705C495C4800689F
:10181000FEF70EFD5A49086001205B4908705C48DC
:101820000078AD2812D146480078172803D04448E4
:101830000078FF280AD1AA204249087011204049A7
:10184000087002F0D3FE0020494908605048007833
:10185000AA2853D13A480078112803D03848007894
:10186000FF284BD139480078022805D1FA203549A4
:10187000087002F0BBFE08E034480078052804D167
:10188000EA203049087002F0B1FE02F0AFFE2F48A6
:101890000078401C2D49087000203E4908703E49E0
:1018A00008703E49087001202949087029490870CC
:1018B00000202949087029490870294908703849C9
:1018C00008703849087038490870294908600120B3
:1018D00036490870002023490870234908702349BD
:1018E0000870334908703349087033490870334928
:1018F000087033490870334908701FE024480078A5
:10190000EA281BD10E480078112803D00C48007833
:10191000FF2813D117200A490870AA200949087026
:1019200002F064FE12480068401C11490860084635
:101930000068A02802D3FF2001490870BDE8F88F95
:10194000D0000020240000200E0100200A01002009
:10195000F4000020F7000020040100200501002011
:1019600006010020FB000020FC000020FD000020FC
:10197000E4000020F5000020F60000200000964260
:1019800038000020C4010020E000002018010020E1
:101990003C000020D8000020D9000020E8000020F2
:1019A000070100200801002009010020FA000020A2
:1019B000FE000020FF00002000010020F1000020B8
:1019C000F2000020F300002010B51049886AFEF7ED
:1019D000CCFD04B2204601F053FB0D49886AFEF7A6
:1019E000C4FD04B2204601F08FFB0A49886AFEF765
:1019F000BCFD04B2204601F023FB0749886AFEF7CC
:101A0000B4FD04B2204601F05BFB10BDF4010020E0
:101A1000280200205C0200209002002038B5044615
:101A200055E02D4804602D48007818BB10212C4843
:101A300000F08EFA20212A4800F088FA012211468F
:101A4000284803F064FA372001F0DAFC1C208DF8F6
:101A5000000001208DF8030002208DF80100012014
:101A60008DF80200684601F0D7FC01211D4803F003
:101A70009FF92CE019480078012828D100201A4944
:101A8000086000220121174803F041FA372001F0D5
:101A9000ABFC1C208DF8000001208DF80300022013
:101AA0008DF8010001208DF80200684601F0B4FCB9
:101AB00000210C4803F07CF901210A4803F075F974
:101AC00001200A49087000200449087000BF074837
:101AD00000780028A5D038BD600000205900002003
:101AE000000C0140001400405C0000205A0000205F
:101AF000704700B5034603E04FF47A7000F005F834
:101B0000181EA3F10103F7D100BD00EBC001C9000D
:101B10004FF0E0225161002191610521116100BF68
:101B20004FF0E021096901F480310029F8D0042147
:101B30004FF0E0221161704710B505F075F805F01F
:101B4000CBFA05F013F805F069FA10BD70B504463C
:101B50003A4800683A4908603A4880684862214635
:101B6000374805F0B7F93648806A37490860374981
:101B7000B1F90A00FEF7EBFC054635480168284636
:101B8000FEF75CFB3049486221462F4805F0A2F978
:101B9000304909788800FEF7DAFC05462A48816A50
:101BA0002846FEF745FB2C4908602A490978880039
:101BB000FEF7CDFC05462448816A2846FEF7E6FA82
:101BC00026490860234909788800FEF7C0FC0546CD
:101BD0001D48816A2846FEF72BFB214908601D49F4
:101BE00009788800FEF7B3FC05461748816A284645
:101BF000FEF7CCFA1B4908601B480068164948628A
:101C00001A48006815494862194800681449486232
:101C1000184800681349486221460F4805F05AF9F0
:101C200021460E4805F056F921460D4805F052F9B7
:101C300021460C4805F04EF970BD00003800002028
:101C4000C4020020C4010020F8020020B8010020D6
:101C5000CC8F0008F0000020F401002028020020B2
:101C60005C02002090020020480000204C00002070
:101C7000500000205400002070B504463A48006827
:101C80003A4908603A48806848622146374805F07A
:101C900021F93648806A374908603749B1F90A00A6
:101CA000FEF755FC0546354801682846FEF7C6FA9A
:101CB0003049486221462F4805F00CF9304909782F
:101CC0004800FEF744FC05462A48816A2846FEF78C
:101CD000AFFA2C4908602A4909784800FEF737FC1A
:101CE00005462448816A2846FEF750FA26490860CE
:101CF000234909784800FEF72AFC05461D48816AF9
:101D00002846FEF795FA214908601D4909784800E0
:101D1000FEF71DFC05461748816A2846FEF736FA8D
:101D20001B4908601B480068164948621A48006849
:101D30001549486219480068144948621848006803
:101D40001349486221460F4805F0C4F821460E4861
:101D500005F0C0F821460D4805F0BCF821460C48B6
:101D600005F0B8F870BD000038000020C402002063
:101D7000C4010020F8020020B8010020CC8F000828
:101D8000F0000020F4010020280200205C02002066
:101D900090020020480000204C000020500000204D
:101DA000540000202DE9F0410246002500260020C5
:101DB00000230024002791F803C00CF00F0591F8D0
:101DC00003C00CF0100CBCF1000F03D091F802C05E
:101DD0004CEA050591F800C0BCF1000F31D0146841
:101DE00000202BE04FF0010C0CFA00F3B1F800C01A
:101DF0000CEA03069E4220D183004FF00F0C0CFA30
:101E000003F7BC4305FA03FC4CEA040491F803C051
:101E1000BCF1280F06D14FF0010C0CFA00FCC2F8FF
:101E200014C00AE091F803C0BCF1480F05D14FF08F
:101E3000010C0CFA00FCC2F810C0401C0828D1D3D9
:101E40001460B1F800C0BCF1FF0F34DD546800200D
:101E50002EE000F1080C4FF0010808FA0CF3B1F87D
:101E600000C00CEA03069E4221D183004FF00F0C04
:101E70000CFA03F7BC4305FA03FC4CEA040491F89E
:101E800003C0BCF1280F05D100F1080C08FA0CF8CA
:101E9000C2F8148091F803C0BCF1480F07D100F1DB
:101EA000080C4FF0010808FA0CF8C2F81080401C2A
:101EB0000828CED35460BDE8F0810000F0B50A4692
:101EC000002300240021002500F00046B6F1004F59
:101ED00002D11D4EF16901E01B4E7168C0F303454C
:101EE00083B200F44016B6F5401F08D121F07061AE
:101EF000154E766826F07066134F7E6012E000F48F
:101F00008016B6F5801F06D1032606FA05F4A14314
:101F100041F0706106E0460D360103FA06F6B14362
:101F200041F0706122B1460D360103FA06F63143E5
:101F300000F00046B6F1004F02D1034EF16101E01E
:101F4000014E7160F0BD000000000140416170472A
:101F5000016170470AB1016100E041617047000012
:101F600007B5A2B04FF07C512498FEF767F90F90A7
:101F7000FE4880680B90FD4800680A900B99FEF7B8
:101F80005DF90D90F948C0680B90F84840680A90D8
:101F90000B99FEF753F90C900D99FEF749F94FF0A4
:101FA00080410E90FEF74AF91E90F048C0680B90F1
:101FB000EE4880680A900B99FEF740F90D90EB48C7
:101FC00040680B90E94800680A900B99FEF736F9D3
:101FD0000C900D99FEF7DAF84FF080410E90FEF765
:101FE0002DF91F90E14880680A90E04880680990C8
:101FF0000A99FEF723F90C90DC4840680A90DB4808
:10200000406809900A99FEF719F90B900C99FEF7B0
:10201000BDF84FF080410D90FEF710F94FF07E5162
:102020000E90FEF708F92090D148B0F9040009900D
:10203000FEF78DFA0B90CE48B0F904000990FEF738
:1020400086FA0A900B99FEF7F9F80D90C848B0F996
:1020500002000790FEF77BFA0990C548B0F902002C
:102060000790FEF774FA08900999FEF7E7F80B90CD
:10207000BF48B0F900000790FEF769FA0990BC4824
:10208000B0F900000790FEF762FA08900999FEF790
:10209000D5F80A900B99FEF779F80C900D99FEF798
:1020A00075F80E9001F082FFB24908602298B0F9ED
:1020B00000000D90FEF74BFA0E90AE4801680E98A6
:1020C000FEF7BCF81B902298B0F902000D90FEF7C5
:1020D0003EFA0E90A74801680E98FEF7AFF81C90E4
:1020E0002298B0F904000D90FEF731FA0E90A14845
:1020F00001680E98FEF7A2F81D901F980C901D988D
:102100000B900C99FEF79AF80E9020980C901C9862
:102110000B900C99FEF792F80D900E99FEF788F847
:10212000159020980C901B980B900C99FEF786F850
:102130000E901E980C901D980B900C99FEF77EF84F
:102140000D900E99FEF774F816901E980C901C983E
:102150000B900C99FEF772F80E901F980C901B983C
:102160000B900C99FEF76AF80D900E99FEF760F847
:10217000179015980D90804801680D98FEF75EF84D
:102180000E907E48006801460D900E98FDF7FEFF08
:102190007A49086016980D90774801680D98FEF707
:1021A0004DF80E907548406801460D900E98FDF769
:1021B000EDFF7249486017980D906F4801680D98BF
:1021C000FEF73CF80E906D48806801460D900E9821
:1021D000FDF7DCFF69498860159801460B90684857
:1021E0000068FEF72BF80D902298B0F906000A90CF
:1021F000FEF7ADF963490B90FEF720F80C900D99AE
:10220000FDF7C4FF0E905D48006801460D900E98E2
:10221000FDF7BCFF1890169801460B9058480068CF
:10222000FEF70CF80D902298B0F908000A90FEF71E
:102230008EF954490B90FEF701F80C900D99FDF7BB
:10224000A5FF0E904D48406801460D900E98FDF791
:102250009DFF1990179801460B9049480068FDF7BB
:10226000EDFF0D902298B0F90A000A90FEF76FF981
:1022700044490B90FDF7E2FF0C900D99FDF786FFA6
:102280000E903E48806801460D900E98FDF77EFF47
:102290001A901A980B903548C0680A900B99FDF770
:1022A000CDFF0D90199809903048806808900999E1
:1022B000FDF7C4FF0B902D48406880F00040099066
:1022C0001898014608900998FDF7B8FF0A900B99F5
:1022D000FDF7AEFF0C900D99FDF7AAFF0E900F9938
:1022E000FDF7ACFF14901A980B90204880680A9074
:1022F0000B99FDF7A3FF0D90199809901B48C06832
:1023000008900999FDF79AFF0B90189809901748C3
:10231000006808900999FDF791FF0A900B99FDF765
:1023200087FF0C900D99FDF731FF0E900F99FDF787
:1023300085FF13901A980B900C4840680A900B99EF
:10234000FDF77CFF0D9019980990084800680890E7
:102350000999FDF773FF0B90189809900348C0681E
:1023600008900999FDF76AFF0A900DE070000020BF
:10237000B80100206C000020CC000020DC0100200F
:10238000C80000202E9E8B3A0B99FDF7FFFE0C90A3
:102390000D99FDF74DFF0E900F99FDF74FFF12902D
:1023A0001A980B90B34800680A900B99FDF746FF06
:1023B0000D9019980990AF48406808900999FDF769
:1023C0003DFF0B90AB48806880F000400990189862
:1023D000014608900998FDF731FF0A900B99FDF727
:1023E000D5FE0C900D99FDF7D1FE0E900F99FDF7DB
:1023F00025FF11909F4800680E901499FDF7C6FEC6
:102400009C490860084640680E901399FDF7BEFE8F
:1024100098494860084680680E901299FDF7B6FE0C
:10242000944988600846C0680E901199FDF7AEFE89
:102430009049C8600846C0680B900846C0680A907A
:102440000B99FDF7FBFE0D908A488068099089483A
:10245000806808900999FDF7F1FE0B908548406867
:1024600007908448406806900799FDF7E7FE0990B9
:102470008048006807907F48006806900799FDF73C
:10248000DDFE08900999FDF781FE0A900B99FDF792
:102490007DFE0C900D99FDF779FE0E9001F086FD02
:1024A0001090744800680E901099FDF7C7FE7149AE
:1024B0000860084640680E901099FDF7BFFE6D4910
:1024C0004860084680680E901099FDF7B7FE69498C
:1024D00088600846C0680E901099FDF7AFFE654908
:1024E000C8602298B0F90A000C90FEF730F86249F3
:1024F0000D90FDF7A3FE0E904FF07E510E98FEF763
:1025000087F804D35D490E98FEF778F80DD2249928
:102510000E98FDF793FE0D902398806801460C906D
:102520000D98FDF733FE23998860524840680146B4
:1025300003904FF08040FDF781FE04904D48C06845
:10254000014603900498FDF779FE0690494800681B
:10255000014603904FF08040FDF770FE049045481F
:102560008068014603900498FDF768FE059006997F
:10257000FDF75EFE0790FEF711F8CDE9080103F0C4
:1025800077FF4FF000523E4BCDE90A01FDF76DFF9A
:10259000CDE90C01FEF715F82399486035488068AD
:1025A000014601904FF08040FDF748FE029031480F
:1025B0008068014601900298FDF740FE04902D4886
:1025C0004068014600904FF08040FDF737FE0190D3
:1025D00028484068014600900198FDF72FFE4FF013
:1025E0007E510290FDF727FE03900499FDF720FE2F
:1025F0000590FDF7D3FFCDE908011E4800680146AC
:1026000001904FF08040FDF719FE02901948406894
:10261000014601900298FDF711FE0490154880686C
:10262000014601904FF08040FDF708FE02901148EE
:10263000C068014601900298FDF700FE03900499DE
:10264000FDF7A4FD0590FDF7A9FFCDE90601DDE941
:10265000082304F055F94FF00052094BCDE90A0167
:10266000FDF703FFCDE90C01FDF7ABFF23990860EF
:1026700025B000BD70000020F6FF793D000080BF4E
:10268000DCA54C4010B504F0C1FA0446FDF75FFF2D
:102690000B49086004F012FD0446FDF758FF094994
:1026A000086004F055FA0446FDF751FF064908603A
:1026B00004F0A6FC0446FDF74AFF0449086010BD7B
:1026C000480000204C000020500000205400002052
:1026D00000BFFEE700B54FF400600F49086000F04E
:1026E00023F94FF480600C49086000F01DF94FF4A5
:1026F00000600949091F086000F016F900F014F99C
:1027000000F012F900F010F94FF40060024908607F
:1027100000F00AF900BD0000140C014000B54FF4B0
:1027200000600F49086000F0FFF84FF480600C492A
:10273000091F086000F0F8F84FF400600849091F0D
:10274000086000F0F1F800F0EFF800F0EDF800F0AC
:10275000EBF84FF400600249086000F0E5F800BDB6
:10276000140C014000B508220021D001154B18605F
:102770001CE04806010E4FF40060124B1B1D186050
:1027800000F0D2F800F0D0F84FF400600D4B186064
:1027900000F0CAF800F0C8F800F0C6F80948083898
:1027A000006800F4806008B141F00101101EA2F140
:1027B0000103DAB2DDD14FF40060024B1B1D18603B
:1027C000084600BD100C014000B50146082221E07A
:1027D0004FF40060144B186000F0A6F801F0800080
:1027E00028B14FF48060104B1B1F186003E04FF4BA
:1027F00080600D4B18604806010E00F095F84FF40C
:102800000060094B1B1F186000F08EF800F08CF878
:1028100000F08AF8101EA2F10103DAB2D8D14FF409
:102820000060014B186000BD140C014000B54FF46E
:102830008060154908604000086000F075F8124893
:102840000838006808B9012000E0002000F480602A
:1028500008B1012000BD4FF480600B49091D0860DC
:1028600000F062F808480838006800F4806008B199
:102870000120EFE74FF400600349091D086000F0F4
:1028800053F80020E6E70000100C014000B54FF4BB
:1028900000600D49086000F047F84FF480600A4975
:1028A000086000F041F800F03FF84FF4006006497E
:1028B000091F086000F038F84FF480600249091FD2
:1028C000086000F031F800BD140C014000B54FF471
:1028D00000601449086000F027F84FF48060114947
:1028E000091F086000F020F84FF400600D49091F2F
:1028F000086000F019F800F017F800F015F8094822
:102900000C38006800F4806028B14FF4006005497D
:102910000860012000BD4FF40060024908600020FB
:10292000F8E70000140C014008B50220009004E014
:102930009DF80000401EC0B200909DF800000028E5
:10294000F6D108BD08B50121082001F067FB4FF45E
:102950004060ADF8000003208DF8020014208DF8CF
:10296000030069460148FFF71DFA08BD000C01404D
:1029700070B504460D460026FFF758FF012800D128
:1029800070BD2046FFF720FFFFF7A0FF012803D10D
:10299000FFF77CFF0120F3E72846FFF715FFFFF75D
:1029A00095FFFFF773FFFFF741FF611CC8B2FFF708
:1029B0000BFFFFF78BFF012803D1FFF767FF012013
:1029C000DEE7FFF7CFFE0646FFF7A8FEFFF75EFF44
:1029D00070B2D5E770B506460C461546FFF726FFE0
:1029E000012800D170BD3046FFF7EEFEFFF76EFF05
:1029F000012803D1FFF74AFF0120F3E72046FFF744
:102A0000E3FEFFF763FF2846FFF7DEFEFFF75EFFFA
:102A1000FFF73CFF0020E5E72DE9F04106460F46B1
:102A200015461C46FFF702FF012801D1BDE8F081E1
:102A30003046FFF7C9FEFFF749FF012803D1FFF732
:102A400025FF0120F2E73846FFF7BEFEFFF73EFF05
:102A5000FFF71CFFFFF7EAFE711CC8B2FFF7B4FED8
:102A6000FFF734FF012803D1FFF710FF0120DDE756
:102A70000CE0FFF777FE2870012C02D1FFF74EFE25
:102A800001E0FFF727FE6D1C601EC4B2002CF0D1E0
:102A9000FFF7FCFE0020C9E72DE9F04704460D468C
:102AA0000026A76821692068FDF770FB60606169F6
:102AB0006068FDF76BFB804641466068FDF7F0FB00
:102AC000E06039462846FDF7B3FB8146E168FDF733
:102AD000B5FB80463946FDF759FB0646A6604FF028
:102AE0007E50E168FDF7A4FB80466168FDF7A6FB18
:102AF00020603046BDE8F087244825490861254814
:102B000048610020C8604FF07E5008600020886057
:102B10001E48214908611F4848610020C8604FF0E5
:102B20007E5008600020886018481C4908611948D8
:102B300048610020C8604FF07E5008600020886027
:102B4000124817490861134848610020C8604FF0D7
:102B50007E500860002088600C48124908610D48CA
:102B600048610020C8604FF07E50086000208860F7
:102B700006480D490861074848610020C8604FF0C9
:102B80007E50086000208860704700006666663EE0
:102B9000240400209A99D93EAC030020C4030020ED
:102BA000DC030020F40300200C04002070B5044670
:102BB0004F4850490860504850490860002150482B
:102BC0000068FDF71BFD05D000214E480068FDF7A9
:102BD00015FD04D10020474908604849086048486D
:102BE00000684449486247480068444948622146B1
:102BF000404804F06FF92146404804F06BF9424820
:102C000000684249086042488068486221463F485F
:102C100004F060F93D48806A3E4908603E49B1F9D8
:102C20000A00FDF794FC05463C4801682846FDF77C
:102C300005FB384948622146364804F04BF92F4AD3
:102C4000916A2C4A906AFDF7A1FA05462F48816ADD
:102C50002846FDF7EDFA32490860284A916A254A6C
:102C6000906AFDF7E5FA05462848816A2846FDF78F
:102C70008DFA2C490860214A916A1E4A906AFDF734
:102C8000D7FA05462148816A2846FDF7D1FA264938
:102C900008601A4A916A174A906AFDF777FA054662
:102CA0001A48816A2846FDF771FA204908602048D1
:102CB00000681B4948621F4800681A4948621E485C
:102CC0000068194948621D48006818494862214651
:102CD000134804F0FFF82146124804F0FBF821469F
:102CE000114804F0F7F82146104804F0F3F870BDDD
:102CF0000000A0432C03002000007A436003002062
:102D0000300000203400002038000020C4020020E1
:102D1000C4010020F8020020B8010020CC8F000878
:102D2000F4010020280200205C0200209002002014
:102D3000480000204C0000205000002054000020DB
:102D400070B504464F4850490860504850490860E3
:102D5000002150480068FDF751FC05D000214E4885
:102D60000068FDF74BFC04D1002047490860484942
:102D70000860484800684449486247480068444938
:102D800048622146404804F0A5F82146404804F036
:102D9000A1F8424800684249086042488068486299
:102DA00021463F4804F096F83D48806A3E49086055
:102DB0003E49B1F90A00FDF7CAFB05463C480168E7
:102DC0002846FDF73BFA384948622146364804F068
:102DD00081F82F4A916A2C4A906AFDF7D7F9054687
:102DE0002F48816A2846FDF723FA32490860284AAD
:102DF000916A254A906AFDF71BFA05462848816AC0
:102E00002846FDF7C3F92C490860214A916A1E4AF9
:102E1000906AFDF70DFA05462148816A2846FDF7BC
:102E200007FA264908601A4A916A174A906AFDF71C
:102E3000ADF905461A48816A2846FDF7A7F92049E9
:102E40000860204800681B4948621F4800681A490A
:102E500048621E480068194948621D4800681849C0
:102E600048622146134804F035F82146124804F020
:102E700031F82146114804F02DF82146104804F09D
:102E800029F870BD0000A0432C03002000007A4305
:102E900060030020300000203400002038000020B3
:102EA000C4020020C4010020F8020020B801002064
:102EB000CC8F0008F4010020280200205C020020D2
:102EC00090020020480000204C000020500000200C
:102ED0005400002000BFFEE700B585B001210420AA
:102EE00001F09CF80121082001F098F810208DF8DD
:102EF000130003208DF812001020ADF8100004A973
:102F00001F48FEF74FFF2020ADF8100004A91C4811
:102F1000FEF748FF4FF48050ADF8100004A919489F
:102F2000FEF740FF372000F06BFA0121202001F06E
:102F300065F8C720ADF808002C20ADF8040001A901
:102F4000114802F08FF901210F4801F02BFF4FF4D7
:102F5000A06000F099FA37208DF8000002208DF86B
:102F6000010000208DF8020001208DF80300684662
:102F700000F052FA0121044801F01AFF05B000BD2B
:102F8000000C0140000801400014004000200149ED
:102F9000087070475A00002008B50121042001F094
:102FA0003DF80121082001F039F80121102001F03D
:102FB00035F80121084601F031F801211D48FEF7DE
:102FC0007DFF10208DF803000320ADF800008DF880
:102FD000020069461848FEF7E5FE10208DF8030050
:102FE0004FF44050ADF8000003208DF80200694610
:102FF0001248FEF7D7FE10208DF803000C20ADF824
:10300000000003208DF8020069460B48FEF7CAFE57
:1030100010208DF803004FF44040ADF8000003206D
:103020008DF8020069460548FEF7BCFE00F0ECFB97
:1030300008BD00000002300000100140000C0140FB
:1030400010B50446002C0BDB08210C48FEF77EFF70
:1030500004210A48FEF77CFFA0B200F04BFC0BE015
:1030600008210648FEF774FF04210448FEF76EFFAE
:10307000614288B200F03EFC10BD0000001001402B
:1030800010B50446002C0BDB01210C48FEF75EFF57
:1030900002210A48FEF75CFFA0B200F021FC0BE021
:1030A00001210648FEF754FF02210448FEF74EFFB7
:1030B000614288B200F014FC10BD00000010014015
:1030C00010B50446002C0DDB4FF480410D48FEF78F
:1030D0003DFF4FF400410B48FEF73AFFA0B200F06D
:1030E0001DFC0DE04FF480410648FEF731FF4FF420
:1030F00000410448FEF72AFF614288B200F00EFC4E
:1031000010BD0000000C014010B50446002C0DDB82
:103110004FF400510D48FEF719FF4FF480510B4852
:10312000FEF716FFA0B200F0EFFB0DE04FF40051E8
:103130000648FEF70DFF4FF480510448FEF706FFE6
:10314000614288B200F0E0FB10BD0000000C0140BD
:103150002DE9FE4F06236A463B21D020FFF75CFC99
:1031600006230DF106024321D020FFF755FC002471
:1031700058E0012000EB44001DF800001DF8141079
:1031800040EA0120294931F81410401A00B22849B8
:10319000096821F81400032C1BDA2549096831F964
:1031A0001400FDF7D4F9054604EB4401214A02EB73
:1031B000C100294603F0A0FC04EB44011D4A02EBC8
:1031C000C1018868FDF7D1F900B21949096821F8F1
:1031D0001400022C24DDE01EC5B2DFF85C80144927
:1031E000096831F91400FDF7B2F982464146FDF74E
:1031F00025F80746114951F825001149FDF71EF839
:1032000081463946FCF7C2FF0C4941F825000646C5
:10321000FDF7ABF900B20649096821F8140000BFB8
:10322000601CC4B2062CA4DBBDE8FE8FD0010020D8
:1032300068000020800000209A99193EE8010020D3
:103240009A99593FF0B58BB0182105A8FCF793FF68
:103250001E25052677420020039004904048002157
:103260000160416081604FF400503D498880002238
:1032700001213C4801F04BFE3BE000BF0A20FEF775
:1032800038FCFFF765FF002416E037480168E01CB2
:1032900031F8100003A931F81410401A00B201A946
:1032A00021F8140030480168E01C31F8100003A92F
:1032B00021F81400601C04B2032CE6DBBDF9040005
:1032C0000528DBDCBDF9040010F1050FD6DBBDF9E4
:1032D00006000528D2DCBDF9060010F1050FCDDB94
:1032E000BDF908000528C9DCBDF9080010F1050F7B
:1032F000C4DB281EA5F10101CDB2BED1002417E028
:10330000FFF726FF642C11DB00200CE005A951F823
:103310002010154A126832F91020114405AA42F80B
:103320002010411CC8B20628F0DB00BF601C04B2AC
:10333000B4F5B27FE4DB002409E005A850F82400CE
:10334000001200B2064921F81400601C04B2062CD9
:10335000F3DB01221146034801F0D9FD0BB0F0BDAB
:10336000D0010020001000406800002010B50024AB
:1033700000BF80226B21D020FFF72CFBC4B21E209F
:10338000FEF7B7FB02221921D020FFF723FB2044D0
:10339000C4B203226B21D020FFF71CFB2044C4B22F
:1033A00003221A21D020FFF715FB2044C4B21822B3
:1033B0001B21D020FFF70EFB2044C4B209221C21A0
:1033C000D020FFF707FB2044C4B2002CD1D17521D7
:1033D000D020FFF7CDFAC4B2682C01D0012010BD77
:1033E0000020FCE77047000000F01F02012191401F
:1033F000024A430942F823107047000080E100E0D0
:1034000000F01F02012191404209920002F1E022E6
:10341000C2F800117047000070B5002100230F2290
:10342000C47804B3154C246804F4E064C4F5E06483
:10343000210AC1F10403CA40447804FA03F18478F4
:103440001440214309010E4C0678A155047804F07C
:103450001F050124AC4005786D11AD0005F1E02594
:10346000C5F8004109E0047804F01F050124AC40D0
:10347000044D0678761145F8264070BD0CED00E04D
:1034800000E400E080E100E002490143024A1160EB
:10349000704700000000FA050CED00E070B5002454
:1034A0000EE00021204600F0E0F8002504E00020B6
:1034B00000F07CF9681CC5B2802DF8DB601CC4B23A
:1034C000082CEEDB70BD000008B50121102000F0D3
:1034D000A5FD14208DF8030003208DF802001020B4
:1034E000ADF8000069460A48FEF75CFC2020ADF804
:1034F000000069460648FEF755FC012210210448E9
:10350000FEF728FD012220210148FEF723FD08BD1A
:103510000010014070B50546002413E080202041D2
:1035200000EA050220210E48FEF714FD01221021B9
:103530000B48FEF70FFD002210210948FEF70AFD97
:10354000601CC4B2082CE9DB012210210448FEF7FC
:1035500001FD002210210248FEF7FCFC70BD0000B6
:103560000010014010B5012220210948FEF7F2FCAD
:10357000012210210648FEF7EDFC0022202104481C
:10358000FEF7E8FC002210210148FEF7E3FC10BD25
:103590000010014010B5002220210748FEF7DAFC98
:1035A000012210210448FEF7D5FC01222021024807
:1035B000FEF7D0FC10BD00000010014070B50024E3
:1035C00006E0002500E06D1CB5F57A7FFBD3641C96
:1035D000B4F57A7FF5D3FFF777FFAE2000F0D6F889
:1035E000D52000F0D3F8802000F0D0F8A82000F01B
:1035F000CDF83F2000F0CAF8D32000F0C7F8002033
:1036000000F0C4F8402000F0C1F8A12000F0BEF89E
:10361000C82000F0BBF8DA2000F0B8F8122000F063
:10362000B5F8812000F0B2F8CF2000F0AFF8D92033
:1036300000F0ACF8F12000F0A9F8DB2000F0A6F8CB
:10364000302000F0A3F8A42000F0A0F8A62000F09D
:103650009DF88D2000F09AF8142000F097F8AF2024
:1036600000F094F8FFF71AFF70BD70B505460C46E0
:1036700045F0B00000F08AF8102141EA141000F083
:1036800085F804F00F0000F081F870BD2DE9F041DD
:1036900005460E461746721E1207110E0422C2EB93
:1036A0008502D0B2FFF7E1FF002409E0A7F1200175
:1036B0002B4A02EB8111085D00F078F8601CC4B25F
:1036C000102CF3DB721E1207110E0322C2EB8502CF
:1036D000D0B2FFF7CAFF00240BE0A7F12001204A77
:1036E00002EB811204F11001505C00F05FF8601CE5
:1036F000C4B2102CF1DB721E1207110E0222C2EBB3
:103700008502D0B2FFF7B1FF00240BE0A7F1200142
:10371000134A02EB811204F12001505C00F046F8DC
:10372000601CC4B2102CF1DB721E1207110E0122B4
:10373000C2EB8502D0B2FFF798FF00240BE0A7F19F
:103740002001074A02EB811204F13001505C00F0C5
:103750002DF8601CC4B2102CF1DBBDE8F081000034
:10376000007800082DE9F04107460E461546002472
:1037700007E02A5D3019C1B23846FFF787FF601CA9
:10378000C4B2285D0028F4D1BDE8F08110B504462C
:10379000FFF7E8FE7820FFF7BDFE0020FFF7BAFE36
:1037A0002046FFF7B7FEFFF7F5FE10BD10B5044643
:1037B000FFF7D8FE7820FFF7ADFE4020FFF7AAFE06
:1037C0002046FFF7A7FEFFF7E5FE10BD10B5044643
:1037D0002146024801F011FD10BD0000002C0140FF
:1037E00010B504462146024801F009FD10BD000055
:1037F000002C014010B504462146024801F001FDAD
:1038000010BD0000002C014000B589B00121480323
:1038100000F004FC0121102000F000FC18208DF8BD
:1038200023004FF47070ADF8200003208DF82200C3
:1038300008A92948FEF7B6FA284801F071FB0020D4
:10384000ADF81A00ADF8160040F2E730ADF81800F8
:103850000B20ADF8140000208DF81C0005A91F48AE
:1038600001F000FD01A801F0BCFC6020ADF80400EF
:103870000020ADF80C000120ADF806000020ADF8E6
:103880000A0001A9154801F051FB01A9134801F0F4
:10389000A3FB01A9114801F0FFFB01A90F4801F0AA
:1038A00055FC08210D4801F08DFB08210B4801F063
:1038B000E5FB0821094801F03FFC0821074801F019
:1038C00083FC0121054801F07FFA0121034801F042
:1038D0006FFA09B000BD0000001001400034014043
:1038E00010B504462146024801F085FC10BD0000D9
:1038F0000034014010B504462146024801F07DFC29
:1039000010BD00000034014010B5044621460248B5
:1039100001F075FC10BD00000034014010B50446F4
:103920002146024801F06DFC10BD0000003401404A
:103930007047000010B53F4800780C2805D13E487C
:1039400000F0E6FBFEF740F873E03A480078FF2805
:1039500002D100F0E5FF6CE0364800780D2805D173
:103960003548FEF7F3F8FEF72FF862E031480078AB
:103970000E2805D1304801F067FDFEF725F858E024
:103980002C4800780F2805D12B48FFF70FF9FEF7D8
:103990001BF84EE027480078102805D1264801F092
:1039A000B3FCFEF711F844E022480078172805D14F
:1039B000214801F0E3FDFEF707F83AE01D480078E2
:1039C000112805D11C48FDF7ADF8FDF7FDFF30E0EB
:1039D00018480078122805D11748FFF7B1F9FDF70C
:1039E000F3FF26E013480078132805D11248FEF7AC
:1039F00043F9FDF7E9FF1CE00E480078142805D1D3
:103A00000D4800F0F9FCFDF7DFFF12E009480078EF
:103A1000152805D1084800F0F7FBFDF7D5FF08E0B1
:103A200004480078162804D1034800F069FCFDF72B
:103A3000CBFF10BDD00000200AD7A33B10B5044631
:103A4000012C50D17D48007838B9AE207C490870EF
:103A500000F0CCFD01207949087000217948006808
:103A6000FCF7CCFD11D0002177480068FCF7C6FDBB
:103A70000BD07648007840B97548007828B9754869
:103A8000007810B912207449087074496D480068B4
:103A9000FCF7BEFD26D872496A480068FCF7AEFD07
:103AA000F8D8704968480068FCF7B2FDF2D86E4952
:103AB00065480068FCF7A2FDECD86448007800284F
:103AC00010D1FF2064490870624800780028F7D1BF
:103AD00001205B49087000F089FD01205C490870F5
:103AE0005C490870A8E0022C53D16048007838B9CE
:103AF000AF205349087000F079FD01205B49087040
:103B0000002150480068FCF779FD11D000214E4893
:103B10000068FCF773FD0BD05548007840B9554854
:103B2000007828B95448007810B912204A49087022
:103B30004A4944480068FCF76BFD7DD84849414834
:103B40000068FCF75BFD77D846493F480068FCF702
:103B50005FFD71D844493C480068FCF74FFD6BD8C5
:103B600043480078002867D1FF203B49087042484D
:103B7000007820B901203249087000F037FD3E4836
:103B80000078002858D101203A4908703A49087055
:103B900052E0032C50D13948007838B9BA2028496E
:103BA000087000F023FD01203449087000212548E9
:103BB0000068FCF723FD11D0002123480068FCF7C2
:103BC0001DFD0BD02E48007840B92E48007828B94A
:103BD0002D48007810B912201F4908701F49194854
:103BE0000068FCF715FD27D81D4916480068FCF74A
:103BF00005FD21D81B4914480068FCF709FD1BD8B6
:103C0000194911480068FCF7F9FC15D81C480078E0
:103C100090B9FF20104908701B48007820B9012096
:103C20000749087000F0E2FC1748007820B901202D
:103C3000144908701449087010BD000004010020E8
:103C4000240000203000002034000020F10000207B
:103C5000EC000020FB000020D00000200000E14329
:103C600000803B4400000C430000DC4305010020C1
:103C7000F3000020EE000020FD00002006010020DF
:103C8000F2000020ED000020FC00002010B50446EA
:103C9000012C53D140F26310FFF7A2FD40F6FC0067
:103CA00002F0EEFEFFF772F940F2DC50FDF721FF63
:103CB0007948FDF7B3FE4FF47A70FDF71AFF4FF421
:103CC0009670FFF783FD4FF47A70FDF712FFFFF750
:103CD0005DF9714801F06EFD4FF4876002F0D0FE8F
:103CE0004FF47A70FDF705FFFFF750F94FF47A7043
:103CF000FDF7FFFE69480078052803D16848FDF705
:103D00008DFE02E06748FDF789FE4FF47A70FDF7FB
:103D1000F0FE4FF4FA70FFF759FDFFF737F95F48EF
:103D20000078052803D15E4801F044FD02E05D48BB
:103D300001F040FD4FF47A70FDF7DBFE022C53D109
:103D400040F2CA30FFF74CFD40F6FC0002F098FE4E
:103D5000FFF71CF94FF4FA70FDF7CBFE4E48FDF764
:103D60005DFE4FF47A70FDF7C4FE4FF49670FFF7D6
:103D70002DFD4FF47A70FDF7BCFEFFF707F94648BA
:103D800001F018FD4FF4876002F07AFE4FF47A706C
:103D9000FDF7AFFEFFF7FAF84FF47A70FDF7A9FED2
:103DA0003E480078052803D13D48FDF737FE02E084
:103DB0003C48FDF733FE4FF47A70FDF79AFE4FF45E
:103DC000FA70FFF703FDFFF7E1F8344800780528A3
:103DD00003D1334801F0EEFC02E0324801F0EAFC86
:103DE0004FF47A70FDF785FE032C53D140F2AE609C
:103DF000FFF7F6FC40F6FC0002F042FEFFF7C6F8C3
:103E00004FF4FA70FDF775FE2348FDF707FE4FF4F7
:103E10007A70FDF76EFE4FF49670FFF7D7FC4FF403
:103E20007A70FDF766FEFFF7B1F81B4801F0C2FC9F
:103E30004FF4876002F024FE4FF47A70FDF759FECC
:103E4000FFF7A4F84FF47A70FDF753FE134800789B
:103E5000052803D11248FDF7E1FD02E01148FDF706
:103E6000DDFD4FF47A70FDF744FE4FF4FA70FFF772
:103E7000ADFCFFF78BF809480078052803D1084806
:103E800001F098FC02E0074801F094FC4FF47A70CE
:103E9000FDF72FFE10BD00003333F33F0A01002071
:103EA0000000C0409A99254110B538480078032198
:103EB00090FBF1F201FB12003449087008460078CB
:103EC000401C087008460078FFF7E0FE4FF47A7057
:103ED000FDF70FFE2D480078012819D106212C4846
:103EE00002F0E2FF01202B49087000202A490870E7
:103EF0002A4908702A48807829494978884203DC91
:103F000011202849087040E00D20264908703CE047
:103F10001E480078022819D106211D4802F0C4FF6E
:103F200001201E49087000201B49087019490870BB
:103F30001B48C0781A498978884203DC1120194946
:103F4000087022E00D20174908701EE00F48007825
:103F500003281AD106210E4802F0A6FF00200F49BF
:103F600008700D4908700B4908700F480078022846
:103F700003D00D480078052807D11520094908709D
:103F8000AD200749087000F031FB10BD380100205A
:103F900018010020F5000020F4000020F6000020A9
:103FA00024000020D00000200A0100202DE9F05F4D
:103FB00004464FF07F594FF07C512046FCF73EF904
:103FC000824625462E460C48A0EB66063546294615
:103FD0005046FCF733F983462946FCF72FF9804613
:103FE0004946FCF728F907462946FCF727F9054614
:103FF0002846BDE8F09F0000DF59375F29B1064A27
:10400000D2690243044BDA6104E0034AD269824375
:10401000014BDA61704700000010024029B1064AE6
:1040200092690243044B9A6104E0034A9269824315
:10403000014B9A61704700000010024030B500212A
:104040000022002400232D4D6D6805F00C0121B1E4
:10405000042905D0082923D105E0294D056022E077
:10406000274D05601FE0254D6D6805F47012234D46
:104070006D6805F48034022505EB92421CB9214D90
:10408000554305600BE01D4D6D6805F400351DB10D
:104090001C4D5543056002E0194D5543056002E093
:1040A000174D056000BF00BF144D6D6805F0F001AD
:1040B0000909154D6B5C0568DD4045600F4D6D6865
:1040C00005F4E061090A104D6B5C4568DD408560D0
:1040D0000A4D6D6805F46051C90A0B4D6B5C45686B
:1040E000DD40C560054D6D6805F44041890B074D05
:1040F0006B5CC568B5FBF3F5056130BD001002408F
:1041000000127A0000093D0000000020100000208D
:1041100070B504462F4930480068FCF737F82F493E
:1041200008602F488068486221462C4802F0D2FE81
:104130002C480078FCF714FA05462848816A28467E
:10414000FCF776F82849086026480078FCF708FA5A
:1041500005462248816A2846FCF718F8234908607A
:1041600020480078FCF7FCF905461C48816A28467F
:10417000FCF75EF81E4908601A480078FCF7F0F971
:1041800005461648816A2846FCF700F81949086078
:104190001948006814494862184800681349486281
:1041A0001748006812494862164800681149486279
:1041B00021460D4802F08EFE21460C4802F08AFE90
:1041C00021460B4802F086FE21460A4802F082FE94
:1041D00070BD00000000964238000020C40200209C
:1041E000C4010020F0000020F4010020280200207B
:1041F0005C02002090020020480000204C000020BB
:10420000500000205400002070B504462F4930486B
:104210000068FCF70DF82F4908602F488068486255
:1042200021462C4802F056FE2C480078FCF798F9FD
:1042300005462848816A2846FBF7FAFF28490860A6
:1042400026480078FCF78CF905462248816A284602
:10425000FBF79CFF2349086020480078FCF780F9B1
:1042600005461C48816A2846FBF7E2FF1E490860A4
:104270001A480078FCF774F905461648816A284602
:10428000FBF784FF1949086019480068144948621F
:104290001848006813494862174800681249486284
:1042A000164800681149486221460D4802F012FE86
:1042B00021460C4802F00EFE21460B4802F00AFE91
:1042C00021460A4802F006FE70BD0000000096423A
:1042D00038000020C4020020C4010020F0000020AB
:1042E000F4010020280200205C020020900200203F
:1042F000480000204C000020500000205400002006
:1043000070B504462F4930480068FBF73FFF2F493E
:1043100008602F488068486221462C4802F0DAFD88
:104320002C480078FCF71CF905462848816A284685
:10433000FBF77EFF2849086026480078FCF710F953
:1043400005462248816A2846FBF720FF234908607A
:1043500020480078FCF704F905461C48816A284685
:10436000FBF766FF1E4908601A480078FCF7F8F86A
:1043700005461648816A2846FBF708FF1949086078
:10438000194800681449486218480068134948628F
:104390001748006812494862164800681149486287
:1043A00021460D4802F096FD21460C4802F092FD90
:1043B00021460B4802F08EFD21460A4802F08AFD94
:1043C00070BD00000000164338000020C402002029
:1043D000C4010020F0000020F40100202802002089
:1043E0005C02002090020020480000204C000020C9
:1043F000500000205400002070B504462F4930487A
:104400000068FBF7C3FE2F4908602F4880684862A8
:1044100021462C4802F05EFD2C480078FCF7A0F8FD
:1044200005462848816A2846FBF702FF28490860AC
:1044300026480078FCF794F805462248816A284609
:10444000FBF7A4FE2349086020480078FCF788F8B1
:1044500005461C48816A2846FBF7EAFE1E490860AB
:104460001A480078FCF77CF805461648816A284609
:10447000FBF78CFE19490860194800681449486226
:104480001848006813494862174800681249486292
:10449000164800681149486221460D4802F01AFD8D
:1044A00021460C4802F016FD21460B4802F012FD91
:1044B00021460A4802F00EFD70BD00000000964241
:1044C00038000020C4020020C4010020F0000020B9
:1044D000F4010020280200205C020020900200204D
:1044E000480000204C000020500000205400002014
:1044F0007047000000B587B00121C804FFF77EFDBA
:1045000001211020FFF78AFD4FF48060ADF81800FC
:1045100018208DF81B0003208DF81A0006A92248E8
:10452000FDF740FC4FF40060ADF8180048208DF80E
:104530001B0003208DF81A0006A91B48FDF732FC6A
:104540004FF4E13002900020ADF814000C20ADF8DB
:1045500012000020ADF81000ADF80E00ADF80C0010
:1045600002A9124801F008FA012240F225510F4831
:1045700001F0DCF94FF4A060FEF786FF34208DF8DF
:10458000040001208DF8070000208DF805000120AF
:104590008DF8060001A8FEF73FFF0121034801F056
:1045A00082F907B000BD000000100140004C00403F
:1045B00070B505460E46002404E0285D00F006F8BC
:1045C000601C84B2B442F8DB70BD000010B5044634
:1045D0002146054801F041FA00BF8021024801F060
:1045E0006EF90028F9D010BD004C004010B5FF2036
:1045F000FFF7ECFF04210348FFF7DAFFFE20FFF787
:10460000E5FF10BD2400002010B5044621460548F2
:1046100001F023FA00BF8021024801F050F9002880
:10462000F9D010BD0050004070B50446002504E0EC
:10463000605DFFF7E9FF681CC5B2605D0028F7D137
:1046400070BD000000B587B001210805FFF7D6FC5A
:1046500001211020FFF7E2FC01212020FFF7DEFC02
:1046600018208DF81B000420ADF8180003208DF8E9
:104670001A0006A92148FDF795FB18208DF81B00AC
:104680004FF48050ADF8180003208DF81A0006A9E9
:104690001B48FDF787FB4FF4614002900020ADF806
:1046A00014000C20ADF812000020ADF81000ADF899
:1046B0000E00ADF80C0002A9124801F05DF90122CC
:1046C00040F225510F4801F031F94FF4A060FEF798
:1046D000DBFE35208DF8040001208DF80700002056
:1046E0008DF805008DF8060001A8FEF795FE012162
:1046F000044801F0D8F807B000BD000000140140E4
:10470000001001400050004010B5002403E0FF20DD
:10471000FFF77AFF641C032CF9DB10BDF8B50446E3
:104720000D46164664210848FBF725FD2B46224618
:1047300006A10548009601F097F90348FFF774FFBA
:10474000FFF7E2FFF8BD00005401002025732E257D
:10475000733D22256422000000B589B00121C80202
:10476000FFF75CFC01210420FFF758FC18208DF8AE
:1047700023004FF46060ADF8200003208DF8220084
:1047800008A92B48FDF70EFB2A4800F0C9FB0020C2
:10479000ADF81A00ADF8160044F61F60ADF8180029
:1047A0004720ADF8140000208DF81C0005A9214811
:1047B00000F058FD01A800F014FD4FF48070ADF832
:1047C00010006020ADF804000020ADF80C000120BE
:1047D000ADF806004FF4FA70ADF80A0001A91548CB
:1047E00000F0FAFB4FF4A570ADF80A0001A91148DA
:1047F00000F052FC4FF48760ADF80A0001A90D48A3
:1048000000F0A4FC01210B4800F0DEFA0821094861
:1048100000F034FC0821074800F08EFC0821054810
:1048200000F0D2FC0121034800F0C2FA09B000BD3B
:1048300000080140002C014010B500F001F810BD47
:104840000CB50020019000903348006840F480309F
:104850003149086000BF3048006800F40030009023
:104860000198401C0190009818B90198B0F5A06F0C
:10487000F1D12948006800F4003010B10120009007
:1048800001E0002000900098012843D123480068EF
:1048900040F01000214908600846006820F003003D
:1048A00008600846006840F0020008601A48406846
:1048B000194948600846406848600846406840F426
:1048C000806048600846406820F47C1048600846D4
:1048D000406840F4E81048600846006840F0807086
:1048E000086000BF0C48006800F000700028F9D094
:1048F0000948406820F003000749486008464068BE
:1049000040F00200486000BF0348406800F00C001F
:104910000828F9D10CBD0000001002400020024020
:1049200010B50020FEF7ACFB0020FEF7EDFB0020E9
:10493000FEF786FB0020FEF7C3FB10BD70470000AA
:1049400010B51348006840F001001149086008469E
:104950004068104908400E494860084600680E4902
:1049600008400B4908600846006820F48020086071
:104970000846406820F4FE0048604FF41F0088603D
:10498000FFF75AFF4FF000600449086010BD0000B7
:10499000001002400000FFF8FFFFF6FE08ED00E007
:1049A000F0B50C46154600220021068C4FF6FE7726
:1049B0003E400684028B018C4FF60C7632407E1C02
:1049C00006EA03162E433243104EB0420ED0104E6C
:1049D000B0420BD0B0F1804F08D00E4EB04205D09F
:1049E0000D4EB04202D00D4EB04206D14FF6FD76CC
:1049F000314044F00106314305E04FF6F576314091
:104A000044F00106314302830184F0BD002C0140D3
:104A1000003401400004004000080040000C004049
:104A2000F0B50C461546002200210026078C4FF6F3
:104A3000EF7C07EA0C070784028B018C4FF6FF77A7
:104A400007EA041640F6FF473A404FF6FF7707EAB9
:104A500003373A434FF6FF7707EA05273A43114FEA
:104A6000B8420ED0104FB8420BD0B0F1804F08D0F2
:104A70000E4FB84205D00E4FB84202D00D4FB8428B
:104A800006D14FF6DF77394046F01007394305E08D
:104A90004FF65F77394044F01007394302830184B1
:104AA000F0BD0000002C0140003401400004004033
:104AB00000080040000C0040F0B50C4615460022EE
:104AC00000210026078C4FF6FF6C07EA0C070784CD
:104AD000828B018C4FF6FF7707EA04264FF60C779E
:104AE0003A404FF6FF7707EA03172F433A43114F37
:104AF000B8420ED0104FB8420BD0B0F1804F08D062
:104B00000E4FB84205D00E4FB84202D00D4FB842FA
:104B100006D14FF6FF57394046F48077394305E018
:104B20004FF2FF57394044F4807739438283018440
:104B3000F0BD0000002C01400034014000040040A2
:104B400000080040000C0040F0B50C46154600225D
:104B500000210026078C4EF6FF7C07EA0C0707842D
:104B6000828B018C4FF6FF7707EA043640F6FF4749
:104B70003A404FF6FF7707EA05273A434FF6FF77AB
:104B800007EA03373A43114FB8420ED0104FB842EC
:104B90000BD0B0F1804F08D00E4FB84205D00E4F69
:104BA000B84202D00D4FB84206D14DF6FF773940DA
:104BB00046F48057394305E047F6FF57394044F43F
:104BC0008057394382830184F0BD0000002C0140EE
:104BD000003401400004004000080040000C004088
:104BE00010B50121214800F022F900283CD02048CE
:104BF0000078401C1E4908701E480078401C1D4962
:104C000008701B480078052190FBF1F201FB1200AF
:104C100017490870174800784FF47A7190FBF1F249
:104C200001FB1200134908701148007830B9FEF7F3
:104C30008FFA114A11491248FDF792F90C48007891
:104C4000012801D1FDF71EFD09480078022801D195
:104C5000FCF73CFB06480078032801D1FEF76AFE0A
:104C60000121024800F0A1F810BD00000010004032
:104C700065000020660000200AD7A33BC401002085
:104C8000B80100201FB501211020FFF7B7F941F648
:104C90001F40ADF804000920ADF808000020ADF871
:104CA000060001A9144800F0DDFA0122114612485D
:104CB00000F02DF90121104800F07AF8362000F0BC
:104CC0001F02012191404209920002F1E022C2F844
:104CD000001100BF8DF8000001208DF801008DF853
:104CE00002008DF803006846FEF796FB012102489A
:104CF00000F05EF81FBD00000010004010B501215B
:104D0000214800F094F801283CD12048007801287F
:104D10000FD101031E48FDF71BF900201B49087045
:104D20004FF07E511B480068FBF730FA19490860C4
:104D300012E01648007878B94FF480511448FDF716
:104D400005F90120114908704FF07E5111480068A3
:104D5000FBF71CFA0F4908600F4910480068FBF781
:104D60006DFA04460B4801682046FBF747FC05D85E
:104D70000020084908600120094908700121024803
:104D800000F013F810BD000000140040580000208F
:104D9000000801405C00002000C0C7446000002003
:104DA00059000020CA4302827047CA4302827047FA
:104DB00021B1028842F00102028004E002884FF62D
:104DC000FE731A400280704731B1B0F8442042F4BB
:104DD0000042A0F8442005E0B0F84420C2F30E02DF
:104DE000A0F844207047F0B50C4615461E46002139
:104DF000002200230189028B038C4FF6F87739409B
:104E000021434FF6FC473A4040F201173A434FF630
:104E1000DD773B404FF6FF7707EA06172F433B430A
:104E2000018102830384F0BD0146888C704730B550
:104E30000246002000230024158A05EA0103958913
:104E400005EA010413B10CB1012000E0002030BDDF
:104E500070B505460C46244885420ED0234885424D
:104E60000BD0B5F1804F08D02148854205D02148AC
:104E7000854202D02048854200D100E000BF208852
:104E800050B92389A28861882846FFF789FDE18807
:104E9000284600F0BBF925E0208804280AD12389A0
:104EA000A28861882846FFF7BBFDE188284600F00C
:104EB000B6F917E0208808280AD12389A2886188DA
:104EC0002846FFF7F9FDE188284600F0B5F909E02A
:104ED0002389A28861882846FFF736FEE1882846A4
:104EE00000F0B3F970BD0000002C01400034014017
:104EF0000004004000080040000C00400021018038
:104F00004180012181800021C180018170471AB157
:104F100083890B43838102E083898B4383817047BC
:104F200001894FF6F87211400181704770B5002475
:104F300000220023058C4FF6FE7635400584028C56
:104F40008388048B4FF68F752C40B51E2C400D883E
:104F50002C43751E2A400D892A434D882A43144D3F
:104F6000A8420BD0134DA84208D0134DA84205D03B
:104F7000124DA84202D0124DA84213D14FF6F77538
:104F80002A404D892A434FF6FB752A408D882A43D3
:104F90004FF6FF652B404FF6FF552B408D892B4375
:104FA000CD892B4383800483CD888586028470BDA0
:104FB000002C014000340140004001400044014009
:104FC000004801400A460021018B4FF6F773194053
:104FD000114301837047000070B5002400220023B4
:104FE000058C4FF6EF7635400584028C8388048B60
:104FF00048F6FF752C404FF6FF452C400D884FF6C4
:10500000FF7606EA05252C434FF6DF752A400D8909
:1050100006EA05152A434D8806EA05152A43154D6B
:10502000A84202D0144DA8421DD14FF67F752A40E8
:105030004D894FF6FF7606EA05152A434FF6BF75F0
:105040002A408D8806EA05152A434FF6FF352B4086
:105050004FF2FF752B408D8906EA85052B43CD89DC
:1050600006EA85052B4383800483CD880587028467
:1050700070BD0000002C0140003401400A460021B0
:10508000018B4FF2FF7319404FF6FF7303EA0223BF
:10509000194301837047000070B5002400220023EB
:1050A000058C4FF6FF6635400584028C8388848B1F
:1050B0004FF68F752C404FF6FC752C400D882C4315
:1050C0004FF6FF552A400D894FF6FF7606EA052573
:1050D0002A434D8806EA05252A43154DA84202D0E9
:1050E000144DA8421DD14FF2FF752A404D894FF64D
:1050F000FF7606EA05252A434FF6FF352A408D88BC
:1051000006EA05252A434EF6FF752B404DF6FF753E
:105110002B408D8906EA05152B43CD8906EA051536
:105120002B4383808483CD888587028470BD0000F3
:10513000002C0140003401400A460021818B4FF6CB
:10514000F7731940114381837047000070B5002246
:1051500000230024058C4EF6FF7635400584038C31
:105160008488828B48F6FF752A404FF6FF452A4017
:105170000D884FF6FF7606EA05252A434DF6FF75A2
:105180002B400D8906EA05352B434D8806EA053587
:105190002B430B4DA84202D00A4DA84208D14BF632
:1051A000FF752C408D894FF6FF7606EA85152C4356
:1051B00084808283CD88A0F84050038470BD0000B5
:1051C000002C0140003401400A460021818B4FF23F
:1051D000FF7319404FF6FF7303EA022319438183DB
:1051E00070470021018041808180C180018141811F
:1051F0008181C181704781867047018770478187AF
:105200007047A0F84010704781847047028B4FF6BA
:10521000F3731A400283028B0A4302837047028BA6
:105220004FF2FF331A400283028B4FF6FF7303EAFB
:1052300001231A4302837047828B4FF6F3731A409F
:105240008283828B0A4382837047828B4FF2FF33C3
:105250001A408283828B4FF6FF7303EA01231A43BD
:1052600082837047002202881D4B98420ED01D4B4E
:1052700098420BD0B0F1804F08D01B4B984205D01C
:105280001A4B984202D01A4B984204D14FF68F73B2
:105290001A404B881A43174B984207D0164B984236
:1052A00004D04FF6FF431A40CB881A4302808B8804
:1052B00083850B8803850A4B98420BD0094B984293
:1052C00008D00E4B984205D00D4B984202D00D4BA2
:1052D000984201D10B7A0386012383827047000034
:1052E000002C014000340140000400400008004050
:1052F000000C00400010004000140040004001403D
:10530000004401400048014070B5044600203F4978
:1053100008603F4988683F490968FAF789FF3B49B7
:1053200048622146394801F0D5FD3848806A3A493B
:1053300008603A49B1F90A00FBF709F9054638480F
:1053400001682846FAF77AFF334948622146324815
:1053500001F0C0FD33490978494201EB8100FBF7B8
:10536000F6F805462C48816A2846FAF761FF2E496F
:1053700008602C49097801EB8100FBF7E8F8054645
:105380002548816A2846FAF701FF2849086025491F
:10539000097801EB8100FBF7DAF805461E48816ABF
:1053A0002846FAF745FF224908601E490978494214
:1053B00001EB8100FBF7CBF805461748816A2846C8
:1053C000FAF7E4FE1B4908601B480068164948626A
:1053D0001A4800681549486219480068144948622B
:1053E000184800681349486221460F4801F072FDD1
:1053F00021460E4801F06EFD21460D4801F06AFD80
:1054000021460C4801F066FD70BD0000C40200207A
:10541000C401002038000020F8020020B80100205C
:10542000CC8F0008F0000020F401002028020020AA
:105430005C02002090020020480000204C00002068
:10544000500000205400002070B504463C4800681D
:105450003C4908603C48806848622146394801F070
:1054600039FD3848806A394908603949B1F90A007C
:10547000FBF76DF80546374801682846FAF7DEFE67
:10548000324948622146314801F024FD3249097809
:10549000C1EBC100FBF75BF805462C48816A284642
:1054A000FAF7C6FE2D4908602B490978A1EBC10027
:1054B000FBF74DF805462548816A2846FAF766FE4F
:1054C0002749086024490978A1EBC100FBF73FF8A0
:1054D00005461E48816A2846FAF7AAFE2149086057
:1054E0001D490978C1EBC100FBF731F805461748A3
:1054F000816A2846FAF74AFE1B4908601B48006883
:10550000164948621A4800681549486219480068F7
:1055100014494862184800681349486221460F48F8
:1055200001F0D8FC21460E4801F0D4FC21460D487C
:1055300001F0D0FC21460C4801F0CCFC70BD00000D
:1055400038000020C4020020C4010020F80200201E
:10555000B8010020CC8F0008F0000020F4010020EA
:10556000280200205C020020900200204800002059
:105570004C000020500000205400002070B504466C
:1055800000203E4908603E4988683E490968FAF7AC
:105590004FFE3A4948622146384801F09BFC3748A3
:1055A000806A394908603949B1F90A00FAF7CFFF32
:1055B0000546374801682846FAF740FE32494862F6
:1055C0002146314801F086FC3249097801EB81001F
:1055D000FAF7BDFF05462C48816A2846FAF728FEEF
:1055E0002D4908602B49097889004842FAF7AFFF36
:1055F00005462548816A2846FAF7C8FD274908600C
:1056000024490978494201EB8100FAF7A0FF0546D9
:105610001D48816A2846FAF70BFE214908601D499A
:10562000097801EB8100FAF792FF05461648816A76
:105630002846FAF7ABFD1B4908601B48006816496D
:1056400048621A48006815494862194800681449B8
:105650004862184800681349486221460E4801F024
:1056600039FC21460D4801F035FC21460C4801F07B
:1056700031FC21460B4801F02DFC70BDC402002016
:10568000C401002038000020F8020020B8010020EA
:10569000CC8F0008F0000020F40100202802002038
:1056A0005C02002090020020480000204C000020F6
:1056B000500000205400002070B540F225513048C1
:1056C00000F00AF9012859D12D4800F0C1F9C4B2FF
:1056D0002C48007840B9FF2C4AD101202949087094
:1056E00000202949087043E02648007801283FD16E
:1056F000FE2C13D02548007840B923480178007863
:10570000401C214A10702248445407E01E4801788A
:105710000078401C1C4A10701E484454FE2C27D1AF
:1057200000201849087001201B49087019480078AA
:105730001A49087008460078FAF712FF054629460C
:105740001748FDF7A9F9174908601249897801EB54
:105750004100FAF7FCFE144908600E49C978480078
:10576000FAF7F5FE114908600A48007910490870F7
:1057700040F22551024800F087F800BF70BD0000DC
:10578000004C004044000020450000206400002040
:105790004A010020400100202E0000203D00002092
:1057A00024040020400000203000002034000020AD
:1057B0003C00002038B5044655E02D4804602D48D3
:1057C000007818BB10212C48FCF7C2FB20212A4886
:1057D000FCF7BEFB012211462848FFF798FB372053
:1057E000FDF70EFE1C208DF8000001208DF803004F
:1057F00002208DF8010001208DF802006846FDF7B7
:105800000BFE01211D48FFF7D3FA2CE01948007860
:10581000012828D100201A490860002201211748D8
:10582000FFF775FB3720FDF7DFFD1C208DF800002A
:1058300001208DF8030002208DF8010001208DF871
:1058400002006846FDF7E8FD00210C48FFF7B0FABA
:1058500001210A48FFF7A9FA01200A49087000202F
:105860000449087000BF074800780028A5D038BD5B
:105870006000002059000020000C0140001400408E
:105880005C0000205A00002010B50022002340F6E2
:105890006A14A14200D100BF0A1201249440A3B2AD
:1058A000DC43048010BD21B1828942F40052828120
:1058B00004E082894DF6FF731A40828170470246E8
:1058C0000020B1F5007F00D100BF13880B400BB161
:1058D000012000E00020704770B50246002400233C
:1058E0000025002040F66A16B14200D100BFC1F386
:1058F000421501F01F03012606FA03F3012D02D120
:105900009689334006E0022D02D1168A334001E029
:10591000968A33400C12012606FA04F416883440A5
:1059200013B10CB1012000E0002070BDF0B50346BA
:10593000002400260025002040F66A17B94200D155
:1059400000BF1846C1F3421401F01F06012707FAF1
:1059500006F5012C01D10C3004E0022C01D11030ED
:1059600000E014301AB107682F43076002E00768AF
:10597000AF430760F0BD00002DE9F04786B0054653
:105980000E460024A24600BFA1460027B08900B100
:1059900000BF2F462C8A4CF6FF700440F088044369
:1059A0002C82AC894EF6F3100440B088318908434C
:1059B000718908430443AC81AC8A4FF6FF40044030
:1059C000B0890443AC8201A8FEF738FB1F48874228
:1059D00002D1DDF810A001E0DDF80CA0A88900F4E8
:1059E000004040B10AEBCA0000EB0A1031684900E0
:1059F000B0FBF1F807E00AEBCA0000EB0A103168CF
:105A00008900B0FBF1F86420B8FBF0F00401200934
:105A1000642101FB1089A88900F4004040B13220C4
:105A200000EBC900B0FBF1F000F00700044308E010
:105A3000322000EB09106421B0FBF1F000F00F0000
:105A400004432C8106B0BDE8F08700000038014017
:105A500001468888C0F308007047C1F308028280BD
:105A6000704700BFFEE700000FB4084B10B504A953
:105A700002AA039800F060F9044602A9002000F091
:105A8000F2FC204610BC5DF814FB000067640008BF
:105A9000490050EAC12018BF04204A0D18BF40F049
:105AA000010040F2FF72B2EB515F08BF40F002000C
:105AB000012808BF052070472DE9F0414F1E00EB7B
:105AC000C7010446D1E9000115461E4637F006021B
:105AD0000DD02A463346FAF7C8FC7F1E04EBC703F5
:105AE000D3E90023FAF71AFC37F00602F1D1022FAE
:105AF00025D0042F13D0062F18BFBDE8F0812A4609
:105B00003346FAF7B2FCD4E90A23FAF707FC2A462F
:105B10003346FAF7AAFCD4E90823FAF7FFFB2A4632
:105B20003346FAF7A2FCD4E90623FAF7F7FB2A4634
:105B30003346FAF79AFCD4E90423FAF7EFFB2A4636
:105B40003346FAF792FCD4E90223FAF7E7FB2A4638
:105B50003346FAF78AFCD4E90023BDE8F041FAF7AE
:105B6000DDBB0122FAF7C9BEFAF7D8BB0022134603
:105B700010461146FAF752BE024A00201107FAF702
:105B8000BCBE000001FDFFFF02E008C8121F08C1F3
:105B9000002AFAD170477047002001E001C1121FAE
:105BA000002AFBD1704700000149086070470000DF
:105BB0003C0100202DE9FF5F82B00021DDE90430C7
:105BC000020DDDF840B0034318D044F61050A2F2A5
:105BD000FF3242431514119801281FD0A5EB0B008A
:105BE000401C5FEA000A4FF000064E4FDFF8389184
:105BF000B046504615D5CAF1000413E011980124AF
:105C00004AA3012801D16FEA0B010298119AC0E959
:105C10000031C0E9024206B0BDE8F09FCBF10000C0
:105C2000DFE704460021404A491842EB0450CDE921
:105C3000001012E0E00707D032463B464046494696
:105C4000FAF713FC8046894632463B461046194611
:105C5000FAF70BFC06460F466410002CEAD1DDE98A
:105C60000401DDE90023BAF1000F06DAFAF7FDFBC3
:105C700042464B46FAF7F9FB05E0FAF7CFFD4246FC
:105C80004B46FAF7CBFD04460E460022284BFAF7A6
:105C900063FE03D84FF0FF30014607E00022254B9A
:105CA00020463146FAF73AFBFAF73EFE102409E0A7
:105CB000002C0ADB0A220023FAF7CAFC039B3032CD
:105CC0001A55641E50EA0102F2D1641C039AC4F111
:105CD00011031444119A012A03D0012208430DD163
:105CE0000AE0084304D000204FF0110B119072E736
:105CF000A3EB0B056D1E0DE05B4504DD4FF00002CC
:105D000005F1010504E003DA4FF00002A5F10105F9
:105D1000002AECD002981199C0E90231C0E900458F
:105D200079E70000000014400000F03F3000000060
:105D30000000F0430000E03F2DE9FF4F95B09B4687
:105D40008946064600250FE2252877D100242746FC
:105D5000F84A0121059400E0044316F8013F203B76
:105D600001FA03F01042F7D130782A2811D06FF0F1
:105D70002F033078A0F13002092A16D8059A44F092
:105D8000020402EB820203EB42021044761C0590EF
:105D9000EFE759F8042B0592002A03DA504244F445
:105DA0000054059044F00204761C30782E2816D159
:105DB00016F8010F44F004042A280DD06FF02F02CA
:105DC0003078A0F13003092B09D807EB870302EBE9
:105DD0004303C718761CF3E759F8047B761C307828
:105DE0006C280FD006DC4C2817D068280DD06A2804
:105DF00014D104E0742810D07A280FD10DE044F4B7
:105E000000140AE044F4801401E044F44014727871
:105E1000824202D104F58014761C761C3078662804
:105E20000BD013DC582877D009DC002875D0452822
:105E3000F6D04628F4D047281AD19DE118E063280F
:105E400035D0642879D0652812D195E1702873D0B7
:105E500008DC6728F1D069286FD06E280DD06F2834
:105E600006D1B5E073282CD0752875D0782874D069
:105E70005A46179990476D1C75E1C4F302500228E9
:105E800009D003280DD0D9F8001004280DD00D60DA
:105E900009F1040967E1D9F80010EA17C1E90052D5
:105EA000F6E7D9F800100D80F2E70D70F0E719F869
:105EB000041B8DF8001000208DF80100EA46012037
:105EC00003E059F804AB4FF0FF3061074FF00001D9
:105ED00002D40DE008F101018846B9420FDA80458D
:105EE000F8DB1AF808100029F4D108E008F10101E4
:105EF00088468142FADB1AF808100029F6D1059885
:105F00005B46A0EB080721463846179A00F094FA42
:105F1000284400EB080507E04DE029E10DE01AF800
:105F2000010B5A4617999047B8F10108F7D25B4622
:105F300021463846179A13E142E00A220092C4F340
:105F400002524FF0000A022A08D059F804CB032A63
:105F50004FEAEC710AD00DE029E02AE009F10701CF
:105F600021F00702F2E802C1914609E00FFA8CFC29
:105F70004FEAEC71042A03D14FFA8CFC4FEAEC7122
:105F8000002907DA0A460021DCF1000C61EB02016E
:105F90002D2202E0220504D52B228DF804200122B7
:105FA00003E0E20701D02022F7E7904659E00A21FA
:105FB00002E010220DE010214FF0000A00910BE0EA
:105FC00010224FF0000A44F004040827009203E076
:105FD00008224FF0000A0092C4F30252022A05D0B0
:105FE00059F804CB0021032A08D009E009F1070180
:105FF00021F00702F2E802C1914605E01FFA8CFC8D
:10600000042A01D10CF0FF0C4FF00008220728D51C
:10601000702806D0009B83F0100353EA0A0305D0D2
:106020000EE040228DF80420012208E05CEA010223
:1060300006D030228DF804208DF80500022290460B
:10604000009B83F0080353EA0A030AD15CEA0102C9
:1060500001D1620705D530228DF804204FF00108E8
:106060007F1E582804D034A003900EA802900DE0A3
:1060700036A0F9E753466046009AFAF7E9FA8446F3
:106080000398825C0298401E029002705CEA010054
:10609000F0D1029806A9081A00F1200A600702D57B
:1060A00024F4803400E00127574502DDA7EB0A0005
:1060B00000E0002000EB0A01009005984144401ADE
:1060C0000590E00306D45B462146179A059800F038
:1060D000B3F90544002706E001A85A46C05D1799A8
:1060E00090476D1C7F1C4745F6DBE0030CD55B46F3
:1060F0002146179A059800F09FF9054404E03020E6
:106100005A46179990476D1C0099481E0090002927
:10611000F5DC08E0029802995A460078491C029181
:10612000179990476D1CBAF10001AAF1010AF1DC40
:1061300065E100000928010030313233343536374B
:1061400038396162636465660000000030313233C3
:106150003435363738394142434445460000000063
:1061600000F058F90544761C307800287FF4ECAD37
:1061700019B02846BDE8F08F620700D4062709F160
:10618000070222F0070CFCE80223E14603F0004876
:106190005FEA080C02D00FF2702C0DE05FEA045C9D
:1061A00002D50FF2682C07E05FEAC47C02D00FF240
:1061B000602C01E0AFF2700C4FF0FF3823F0004389
:1061C000CDF850C065280CD006DC452809D04628FB
:1061D0001DD047283DD13DE0662818D067287ED1E4
:1061E00038E00021112F01DB112000E0781CCDE9FF
:1061F000000106A90EA8FFF7DDFCDDE90F010E9AEC
:1062000003910021009207F1010A04914DE04FF043
:1062100000400097CDE9011006A90EA8FFF7CAFCBF
:10622000DDE90F0203920E9B11990022DDF80CA00C
:106230000093049211B9791C00EB010AB7EB0A0034
:1062400004D4C0F1FF3007F1010A0490AAEB070063
:10625000019044E0012F00DA01270021112F01DD18
:10626000112000E03846CDE9000106A90EA8FFF78D
:10627000A1FCDDE90F010E9A039100210491009227
:10628000BA4621070CD40399514500DA8A46BAF17F
:10629000010F05DD009AAAF10101515C302908D0F7
:1062A000B84202DA10F1040F06DA0121CDE901103B
:1062B00015E0AAF10101E9E7002805DC0499014491
:1062C0000491AAEB000102E0411C514500DD8A4621
:1062D0000499401A401C01904FF0004002902007A2
:1062E00004D40198504501DBCDF8048000208DF8DE
:1062F0004F0002980DF14F07B0F1004F25D02B2031
:106300000E9002984FF0020800280CDA40420290EA
:106310002D200E9007E00A210298FAF783F9303118
:10632000029007F8011DB8F10001A8F10108F2DCA4
:1063300002980028EFD1791E0E980870307800F08E
:10634000200040F0450007F8020D12A8C01B00F124
:1063500007081498007800B1012000EB0A010198A9
:1063600001EBE07105984144401A401E0590E0039E
:1063700006D45B462146179A059800F05DF805445F
:106380001498007818B15A46179990476D1CE0038D
:1063900024D55B462146179A059800F04DF8054430
:1063A0001CE00498002807DBDDE90301884203DDD7
:1063B0000098405C179901E0179930205A469047A1
:1063C000049805F10105401C04900198401E0190BD
:1063D00004D12E205A46179990476D1CBAF100013E
:1063E000AAF1010ADDDC05E017F8010B5A461799FE
:1063F00090476D1CB8F10001A8F10108F4DC5B4680
:106400002146179A0598ABE62D0000002B000000EE
:10641000200000002DE9F041044600251E461746E5
:10642000880404D405E039462020B0476D1C641E62
:10643000F9D52846BDE8F0812DE9F0410446002554
:106440001E469046C80301D5302700E02027880467
:1064500004D505E041463846B0476D1C641EF9D5A9
:106460002846BDE8F0810A68531C0B601070704725
:106470002DE9F04D8D4F21F0004A86B005460C46BF
:10648000BA452ADBAAEB070028430AD08848824590
:1064900001DC1AD1CDB106B02846BDE8F04DFFF7BA
:1064A00060BB844A844B2846F9F7DFFF07460E4657
:1064B000824A834B28462146F9F7D7FF06B03A4671
:1064C0003346BDE8F04DF9F729BF0120FFF76CFB1B
:1064D00006B0BDE8F04DFFF749BB7A48824542DA85
:1064E000BAF1795F0BDA2846FFF7D2FA042808BF21
:1064F000FFF742FB284606B02146BDE8F08D2A464C
:106500000B461046F9F7B1FF834602466E480E4629
:106510000B4606217844FFF7CFFA5A463346F9F77F
:10652000A4FF804669488A465A4633460421784487
:10653000FFF7C2FA5A463346F9F797FF00223B4667
:10654000F9F7ECFE02460B4640465146FAF766F96B
:106550002A462346F9F789FF06B02A462346BDE8B6
:10656000F04DF9F7DBBE284624F0004100223D46FD
:106570003B46F9F777FF4FF0FF32FAF7BEF90646D0
:10658000024653480F460B4606217844FFF794FA1B
:1065900032463B46F9F769FFCDE900014D483246E6
:1065A0003B4604217844FFF787FA32463B46F9F729
:1065B0005CFF00222B46F9F7B1FE8346029130467C
:1065C000394600F0FFFD804643480D46504517DC34
:1065D000DDE900015A46029BFAF720F942462B46B4
:1065E000F9F743FF42462B46F9F798FE0122FAF7E6
:1065F00084F9304A304BF9F732FF304A304B4CE0E7
:106600004FF0000A52460B464046F9F787FECDE9A7
:10661000031052462B4610461946F9F726FF32461C
:106620003B46F9F71FFFDDE90332FAF7F7F80646B4
:106630000F46DDE900015A46029BFAF7EFF8834660
:106640000091012230463946FAF757F9194A1A4B98
:10665000F9F708FF06460F46012240462946FAF799
:106660004CF95A46009BF9F700FF32463B46F9F7D2
:10667000F6FE06460F46012250462946FAF73DF936
:106680000E4DDFF858802A464346F9F7EBFE3246B6
:106690003B46F9F7E7FE2A464346F9F7E3FE002CAE
:1066A000D8BF81F0004106B0BDE8F08D0000F03F9A
:1066B0000000F07F075C143326A6913C182D44544B
:1066C000FB21F93F0000E03FC02A0000D62A00006D
:1066D0004A2A0000602A00003333EF3FFB21E93FE4
:1066E0002DE9F84F04460D4621F000400091734912
:1066F000814211DC7249884201DC06D12CB120466E
:106700002946BDE8F84FFFF72CBA6E48002DCCBFE4
:106710006D496E49BDE8F88F6D49814211DD6D49C3
:106720008142D8BF4FF0FF366DDD20462946FFF786
:10673000AFF9042808BFFFF71FFA20462946BDE835
:10674000F88F6549654F25F00045814233DD644986
:10675000814219DD002632464FF08043204629460B
:10676000F9F7DCFD80468A46012220462946FAF7E1
:10677000C4F800223B46F9F772FE42465346FAF748
:106780004DF804460D463EE001260022BA463B463F
:1067900020462946F9F7C2FD80460F46002253469F
:1067A00020462946F9F75BFE42463B46FAF736F8A3
:1067B00004460D4627E04B4981421BDDDFF828A146
:1067C00002260022534620462946F9F74EFE0022B3
:1067D0003B46F9F7A3FD80460F460022534620466C
:1067E0002946F9F73CFE42463B46FAF717F80446BD
:1067F0000D4608E0032622462B4600203B49FAF7C7
:106800000DF804460D4622462B4610461946F9F768
:106810002CFE8B46824602460B46F9F726FE0746BB
:106820000246334888460B4606217844FFF744F970
:1068300052465B46F9F719FE82462E488B463A4689
:10684000434605217844FFF737F93A464346F9F7BE
:106850000CFE02460B46002E504659460CDAF9F75C
:106860005DFD22462B46F9F700FE01B022462B467D
:10687000BDE8F04FF9F7F6BDF9F750FD22462B467B
:10688000F9F7F3FD1C4A7A4402EBC603D3E900236F
:10689000F9F7E5FD22462B46F9F7E1FD174A7A4460
:1068A00002EBC603D3E90023F9F7DCFD009A002AC6
:1068B000B8BF81F00041BDE8F88F0000000010442F
:1068C0000000F07F182D4454FB21F93FFB21F9BF54
:1068D0000000DC3F0000203E0000F33F0000F03FDE
:1068E0000000E63F008003400000F83F0000F0BFDA
:1068F0006228000020280000BE2700008627000034
:106900002DE9F04D9446CCF1000423F000464CEA0A
:106910000404524F46EAD4749A46884621F0004255
:10692000BC4206D8454240EA050442EAD474BC425F
:1069300004D9BDE8F04D6246FFF716B9AAF14055FB
:10694000A5F17F6555EA0C040BD0022404EAAA7471
:10695000434DDFF810E144EAD87452EA000B04D04A
:106960000CE0BDE8F04DFFF7BBBE002C14BF012CBE
:10697000BDE8F08D022C30D0032C32D056EA0C0B3F
:106980000AD0BE4220D1BA4209D126F0804622F078
:1069900080423346114617E000291ADB25E0DFF874
:1069A000C8B0FB44002C04BFDBE90001BDE8F08D5A
:1069B000012C02BFDBE9000181F00041BDE8F08D50
:1069C000022C0AD0032C0CD0BA4212D1B8F1000F1D
:1069D0000BDA23482549BDE8F08D28462449BDE857
:1069E000F08D28467146BDE8F08D1D482149BDE86F
:1069F000F08D921B12153C2AC4BF19481D490EDCAC
:106A0000BAF1000FBEBF12F13C0F0020014606DBB9
:106A10006246F9F703FF21F00041FFF761FE002C09
:106A200008BFBDE8F08D012C04BF81F00041BDE836
:106A3000F08D114A114B022C07D0F9F710FD2A46B0
:106A4000BDE8F04D0A4BF9F70ABDF9F708FD2A46F3
:106A5000BDE8F04D064BF9F705BD00000000F07FE2
:106A6000182D4454FB2109C01A270000FB21F9BF4F
:106A7000FB210940FB21F93F075C143326A6A13C0A
:106A800010B504461B480068A04212DA0CE0194910
:106A9000098888B2FCF7AEFE1420FBF72AF81548E7
:106AA00000680A301349086012480068A042EEDB13
:106AB00015E010480068A04211DD0CE00D4909887E
:106AC00088B2FCF797FE1420FBF713F8094800681A
:106AD0000A380849086007480068A042EEDC05480B
:106AE00004600146098888B2FCF784FE3220FBF777
:106AF00000F810BD1C0000202DE9F04104460D46B1
:106B000021692068F9F742FB606061696068F9F704
:106B10003DFB064631466068F9F7C2FBE060284657
:106B2000A168F9F785FB0746E168F9F787FB064698
:106B3000A168F9F72BFBA0604FF07E50E168F9F7F0
:106B400077FB06466168F9F779FB2060BDE8F081C4
:106B500010B50548FEF768F904B200210248FEF7B7
:106B600053FB204610BD0000000C004000B587B06C
:106B700001210820FDF742FA01210420FDF74EFA19
:106B800048208DF81B000320ADF818008DF81A007E
:106B900006A91C48FBF706F90020ADF81200ADF875
:106BA0000E004FF6FF70ADF810000020ADF80C009D
:106BB0008DF8140003A91448FEF754FB6846FEF74D
:106BC0009DF90020ADF800000F20ADF808006946DF
:106BD0000D48FEF73DF90420ADF800000F20ADF898
:106BE000080069460848FEF733F900231A460321D6
:106BF0000548FEF7F8F801210348FEF7D9F807B079
:106C000000BD000000080140000C004010B5054820
:106C1000FEF70AF904B200210248FEF7F5FA204611
:106C200010BD00000004004000B587B00121022023
:106C3000FDF7E4F901210420FDF7F0F948208DF873
:106C40001B00C020ADF8180003208DF81A0006A91B
:106C50001B48FBF7A7F80020ADF81200ADF80E00B6
:106C60004FF6FF70ADF810000020ADF80C008DF865
:106C7000140003A91348FEF7F5FA6846FEF73EF93B
:106C80000020ADF800000F20ADF8080069460D485F
:106C9000FEF7DEF80420ADF800000F20ADF8080084
:106CA00069460848FEF7D4F800231A460321054830
:106CB000FEF799F801210348FEF77AF807B000BD06
:106CC000000801400004004000250024F9F7FAFE06
:106CD000B8E0002D33D15C484079012807D05A48EC
:106CE0004079022803D058484079032827D15648D4
:106CF000027856A156A0FDF711FD5348427853A1E2
:106D000054A0FDF70BFD5048827850A152A0FDF72A
:106D100005FD4D48C2784DA150A0FDF7FFFC4A4843
:106D200002794AA14EA0FDF7F9FC4748427947A1F4
:106D30004CA0FDF7F3FC012501204B4908704B489E
:106D40000078CC282AD14A480078012826D103208F
:106D500094FBF0F100FB1140C4B24FF41670FCF745
:106D600035FD611CC9B20C460846FAF775F80120DA
:106D70003E4908703FA201210220FCF7F3FC032CDE
:106D80000CD13EA201210220FCF7ECFCAD203D49D4
:106D90000870FDF72BFC14203B4908703B48007835
:106DA000012807D03A480078012803D039480078F4
:106DB00001280DD1012033490870FDF717FCFDF7BC
:106DC00073F8002031490870314908703149087062
:106DD00031480078012807D030480078012803D0D6
:106DE0002F48007801280DD1012026490870FDF7B1
:106DF000FDFBFAF7F9F900202749087027490870C8
:106E0000274908702748007803280ADA0E480078D6
:106E10001C4948700C48407888700B488078C870CE
:106E200009E00948C0781749487007480079887018
:106E300005484079C8700120FAF70EF84FF4FA704F
:106E4000FAF757FE45E700004A0100207478740005
:106E5000743000007431000074320000743300009C
:106E60007434000074350000640000203C000020F1
:106E7000E800002043617463680000004F7665728B
:106E80000000000024000020D0000020ED000020C1
:106E9000EE000020EC000020030100200201002091
:106EA000010100200A01002010B5024600200EE07A
:106EB000002352F82040E36052F82040A36052F8CB
:106EC0002040A36252F820406360431CD8B288423D
:106ED000EEDB10BD2DE9F05F04460E46616A2068C6
:106EE000F9F7A6F9054631462846F9F7A7F980468D
:106EF000E168F9F74BF9E060A1682846F9F798F9DD
:106F000080463146F9F7CCF90746A0693946F9F7CA
:106F100095F98146E1686069F9F790F98246206940
:106F20002946F9F78BF983465146F9F72FF9804640
:106F30004946F9F72BF9A062A560BDE8F09F000073
:106F40001F48204908614FF083401F4908611F49CD
:106F500008611B481E4908611E481F4908611F48F7
:106F60001F4908611F4820490861204820490861DD
:106F7000204814494861144948611449486114493A
:106F80004861002014494861154948611649486123
:106F90001749486118480B4988610B4988610B49BA
:106FA00088610B4988610F480B49886113480C4977
:106FB000886100200C4988610D4988617047000094
:106FC0000000F041F4010020280200205C020020B3
:106FD000900200209A99593FC40200209A99193FC3
:106FE000F80200200AD7233C2C030020A69BC43BB8
:106FF0006003002000004040CDCC4C3D6F12033BAD
:1070000010B50548FDF710FF04B200210248FEF755
:10701000FBF8604200B210BD0008004000B587B028
:1070200001210420FCF7EAFF01210820FCF7F6FF0C
:1070300048208DF81B00C020ADF8180003208DF803
:107040001A0006A91B48FAF7ADFE0020ADF81200A1
:10705000ADF80E004FF6FF70ADF810000020ADF84F
:107060000C008DF8140003A91348FEF7FBF86846DE
:10707000FDF744FF0020ADF800000F20ADF8080038
:1070800069460D48FDF7E4FE0420ADF800000F202E
:10709000ADF8080069460848FDF7DAFE00231A46F5
:1070A00003210548FDF79FFE01210348FDF780FEFF
:1070B00007B000BD000C01400008004010B54FF0C3
:1070C0008040FDF7B1FE04B200214FF08040FEF792
:1070D0009BF8204610BD000000B587B0012108468E
:1070E000FCF78CFF01210420FCF798FF0121082008
:1070F000FCF794FF01210846FCF790FF01212D4881
:10710000FAF7DCFE01212C48FAF7D8FE48208DF86A
:107110001B004FF40040ADF8180003208DF81A0052
:1071200006A92648FAF73EFE48208DF81B000820E5
:10713000ADF8180003208DF81A0006A92048FAF7C8
:1071400031FE0020ADF81200ADF80E004FF6FF70D2
:10715000ADF810000020ADF80C008DF8140003A964
:107160004FF08040FEF77EF86846FDF7C7FE00202E
:10717000ADF800000F20ADF8080069464FF08040E0
:10718000FDF766FE0420ADF800000F20ADF8080002
:1071900069464FF08040FDF75BFE00231A4603214D
:1071A0004FF08040FDF71FFE01218807FDF700FE2C
:1071B00007B000BD000118000002300000080140C7
:1071C000000C01402DE9F04106460F46F9F7FEFBA1
:1071D000041E0D4618BF0120284320F00040C0F1D6
:1071E0007F6000F1E040C00F0ED0301C18BF0120BE
:1071F000384320F00040C0F17F6000F1E040C00F54
:1072000004BF0120FEF7D0FC20462946BDE8F081EE
:10721000000000000000000000000000000000006E
:10722000000000F800000000000000333000000003
:1072300000100C06100C060000000000000000000A
:1072400040C07840C0784000043F04043F0404007C
:10725000007088FC08300000001820FF211E00008C
:10726000F008F000E018000000211C031E211E00A1
:1072700000F00888700000001E2123241927211027
:1072800010160E00000000000000000000000000CA
:10729000000000E018040200000000071820400071
:1072A00000020418E0000000004020180700000061
:1072B000404080F0804040000202010F01020200C5
:1072C000000000F0000000000101011F01010100A9
:1072D000000000000000000080B07000000000000E
:1072E0000000000000000000000101010101010197
:1072F000000000000000000000303000000000002E
:107300000000000080601804006018060100000002
:1073100000E010080810E000000F102020100F00FF
:10732000001010F8000000000020203F2020000086
:1073300000700808088870000030282422213000DE
:1073400000300888884830000018202020110E00E6
:107350000000C02010F8000000070424243F24008F
:1073600000F80888880808000019212020110E0064
:1073700000E0108888180000000F112020110E0076
:1073800000380808C83808000000003F000000006E
:107390000070880808887000001C222121221C002F
:1073A00000E010080810E0000000312222110F0058
:1073B000000000C0C00000000000003030000000ED
:1073C000000000800000000000008060000000005D
:1073D0000000804020100800000102040810200076
:1073E00040404040404040000404040404040400C1
:1073F0000008102040800000002010080402010056
:10740000007048080808F000000000303601000055
:10741000C030C828E810E0000718272423140B0008
:107420000000C038E0000000203C23020227382082
:1074300008F8888888700000203F202020110E0066
:10744000C03008080808380007182020201008005D
:1074500008F808080810E000203F202020100F0046
:1074600008F88888E8081000203F20202320180012
:1074700008F88888E8081000203F2000030000007A
:10748000C03008080838000007182020221E02001B
:1074900008F808000008F808203F210101213F20DA
:1074A000000808F8080800000020203F2020000005
:1074B00000000808F8080800C08080807F000000F5
:1074C00008F888C028180800203F2001263820002E
:1074D00008F8080000000000203F20202020300095
:1074E00008F8F800F8F80800203F003F003F2000AF
:1074F00008F830C00008F808203F200007183F00B7
:10750000E01008080810E0000F10202020100F00E5
:1075100008F808080808F000203F210101010000D8
:10752000E01008080810E0000F18242438504F001D
:1075300008F8888888887000203F2000030C3020DD
:1075400000708808080838000038202121221C001B
:10755000180808F8080818000000203F2000000064
:1075600008F808000008F808001F202020201F004D
:107570000878880000C83808000007380E010000AD
:10758000F80800F80008F800033C0700073C030077
:10759000081868808068180820302C03032C3020DD
:1075A0000838C800C83808000000203F200000004C
:1075B00010080808C83808002038262120201800A4
:1075C000000000FE020202000000007F4040400078
:1075D000000C30C000000000000000010638C000B0
:1075E00000020202FE000000004040407F00000058
:1075F000000004020202040000000000000000007D
:10760000000000000000000080808080808080807A
:107610000002020400000000000000000000000062
:1076200000008080808000000019242222223F2058
:1076300008F8008080000000003F112020110E009B
:107640000000008080800000000E1120202011002A
:10765000000000808088F800000E112020103F20DC
:107660000000808080800000001F22222222130060
:10767000008080F0888888180020203F20200000AB
:107680000000808080808000006B94949493600060
:1076900008F8008080800000203F210000203F206B
:1076A00000809898000000000020203F202000006B
:1076B000000000809898000000C08080807F00005B
:1076C00008F8000080808000203F24022D30200038
:1076D000000808F8000000000020203F20200000E3
:1076E0008080808080808000203F20003F20003FFD
:1076F0008080008080800000203F210000203F200B
:107700000000808080800000001F202020201F00BB
:10771000808000808000000080FFA12020110E00EA
:107720000000008080808000000E112020A0FF80DB
:10773000808080008080800020203F212000010088
:1077400000008080808080000033242424241900DD
:10775000008080E0808000000000001F20200000EA
:107760008080000000808000001F202020103F202B
:10777000808080000080808000010E3008060100BB
:1077800080800080008080800F300C030C300F0060
:1077900000808000808080000020312E0E3120008B
:1077A000808080000080808080818E7018060100BB
:1077B00000808080808080000021302C22213000D9
:1077C00000000000807C020200000000003F4040FA
:1077D00000000000FF00000000000000FF000000AB
:1077E0000002027C800000000040403F00000000DA
:1077F0000006010102020404000000000000000075
:107800000000000000000000000000000000000078
:107810000000000000000000000000000000000068
:107820000000000000000000000000000000000058
:107830000000000000000000000000000000000048
:10784000000000000000C0C0C0C000000000000038
:107850000000000000000FFFFF1F000000000000FC
:10786000000000000000001F1F00000000000000DA
:10787000000000000000060F0F06000000000000DE
:1078800000000080E0783C1C80E0783C1C00000098
:1078900000000301000000030100000000000000E0
:1078A00000000000000000000000000000000000D8
:1078B00000000000000000000000000000000000C8
:1078C0000000000000C0000000000000C000000038
:1078D00000383838F83F3838383838F83F3838000A
:1078E000007070F0FF7070707070F0FF707070005A
:1078F0000000000F0000000000000F00000000006A
:1079000000000000808040F04040808000000000C7
:107910000000001E7FF0C0FF00000C0F0F000000F1
:107920000000C0C0C00001FF07071EFCF0000000FF
:10793000000003070408087F080C0603010000008C
:107940000080C040C0800000000000C000000000B7
:107950007EFF000000FF7E00E01C0300000000002E
:107960000001030283611C03F8FE030103FEF8001B
:107970000000000C0300000001070C080C070100C8
:1079800000000080C04040C0000000000000000077
:1079900000007FFFC080603F0F000000000000007B
:1079A000F8FC03030F3E78E08081710F01010000B5
:1079B0000103060C0808080503070E0C0C0603005B
:1079C00000001C1CFC78000000000000000000000B
:1079D00000020301000000000000000000000000A1
:1079E0000000000000000000000000000000000097
:1079F0000000000000000000000000000000000087
:107A000000000000000000000000C060300804001A
:107A100000000000000000F0FC0F0100000000006A
:107A2000000000000000001F7FE0000000000000D8
:107A300000000000000000000001070C18204000BA
:107A40000004083060C000000000000000000000DA
:107A50000000000000010FFCF0000000000000002A
:107A6000000000000000E0FF1F0000000000000018
:107A7000004020180C07010000000000000000007A
:107A800000000000000000000000000000000000F6
:107A90000000183830604086FF8F40603038180092
:107AA0000000181C0C0602F1FFE102060C1C180075
:107AB00000000000000000000000000000000000C6
:107AC00000000000000000000000000000000000B6
:107AD0000000000000000000FE00000000000000A8
:107AE0000000010101010101FF010101010101008B
:107AF0000000000000000000000000000000000086
:107B00000000000000000000000000000000000075
:107B10000000000000000000000000000000000065
:107B20000000000000000000000000000000000055
:107B30000080C7473F1E000000000000000000005A
:107B40000000000000000000000000000000000035
:107B50000000000000000000000000000000000025
:107B60000001010101010101010101010101010007
:107B70000000000000000000000000000000000005
:107B800000000000000000000000000000000000F5
:107B900000000000000000000000000000000000E5
:107BA00000000000000000000000000000000000D5
:107BB0000000060F0F06000000000000000000009B
:107BC000000000000000000000000000C07018006D
:107BD0000000000000000000C0701C070100000051
:107BE00000000000C0701C07010000000000000041
:107BF00000301C0701000000000000000000000031
:107C0000000000000080C0404040800000000000F4
:107C10000000F0FE0F01000000000107FEF0000070
:107C200000003FFFC000000000000080FF3F000098
:107C30000000000103060C0808080603010000000C
:107C40000000000000000080C000000000000000F4
:107C500000000001010101FFFF0000000000000022
:107C600000000000000000FFFF0000000000000016
:107C70000000000808080C0F0F0C0808080000009E
:107C800000000000804040404040C0808000000074
:107C900000001E1900000000000000C1FF3E0000AF
:107CA00000000000804030180C06030100C00000F6
:107CB00000000E0D0C0C0C0C0C0C0C0C0E03000038
:107CC000000000808040404040C080000000000074
:107CD00000000F0F000000000080C17F3E00000088
:107CE0000000C0C00000010101030206FCF000001A
:107CF0000000030704080808080804060300000041
:107D0000000000000000000000C0C00000000000F3
:107D1000000000008060100C03FFFF000000000066
:107D200000302C262120202020FFFF2020200000D2
:107D30000000000000000808080F0F0808080000F5
:107D400000000000C0C0C0C0C0C0C0C0C0C00000B3
:107D5000000000FF008040404040C0800000000064
:107D60000000C0C30100000000000001FFFC000093
:107D700000000304040808080808040703000000C2
:107D800000000000008080404040408080000000F3
:107D90000000E0FC0781C0404040C08303000000B9
:107DA00000007FFF8300000000000001FFFC0000D6
:107DB0000000000107060C0808080C06030000007C
:107DC000000000C0C0C0C0C0C0C0C0C0C0C0000073
:107DD00000000E030000000000E018060100000093
:107DE000000000000000C0FC0300000000000000D4
:107DF0000000000000000F0F000000000000000065
:107E00000000000080C040404040C08000000000F2
:107E100000003E7FF1C0C080000080417F1E000056
:107E200000F0FC0E0201010103070E1EFCF0000031
:107E300000010306040808080808040603010000FE
:107E40000000008080404040404080000000000072
:107E500000FCFF030000000000000003FEF800002B
:107E6000000103070C080808080406E17F1F000052
:107E700000000707080808080C06030100000000BE
:107E800000000000000000000000000000000000F2
:107E9000000000000000C0E0E0C0000000000000A2
:107EA00000000000000000010100000000000000D0
:107EB000000000000000060F0F0600000000000098
:107EC00000000000000000000000000000000000B2
:107ED000000000000000C0C0C00000000000000062
:107EE000000000000000010101000000000000008F
:107EF0000000000000006E7E1E0000000000000078
:107F000000000000000000000000000080400000B1
:107F10000000000080402010080402010000000062
:107F20000000000304081020408000000000000052
:107F30000000000000000000000001020408000032
:107F40000000000000000000000000000000000031
:107F50000020202020202020202020202020200061
:107F600000080808080808080808080808080800A1
:107F70000000000000000000000000000000000001
:107F80000000408000000000000000000000000031
:107F900000000000010204081020408000000000E2
:107FA00000000000000080402010080403000000D2
:107FB00000000804020100000000000000000000B2
:107FC0000000000080804040404040808000000071
:107FD00000003C3F3900000000000080C17F3E00EF
:107FE00000000000000000003E030101000000004E
:107FF000000000000000060F0F0600000000000057
:10800000000000000080C0404040408000000000B0
:1080100000E0FC0E0381E0780C04F83C0106F80057
:10802000001FFFC0003F7F40203C7F40201887009A
:1080300000000003060408080808080406030000FE
:10804000000000000000C0C0C000000000000000F0
:1080500000000000C07C03033FFC80000000000023
:108060000000807C0F080808080B7FF880000000E3
:10807000080C0F08080000000000080F0F0C080093
:10808000004040C0C04040404040C08080000000F0
:10809000000000FFFF000000000080C17F3E0000E4
:1080A000000000FFFF0101010101010206FCF000D8
:1080B0000008080F0F0808080808080C060301004C
:1080C000000000000080C0404040408080800000F0
:1080D00000E0FC1E030000000000000001030E0091
:1080E000003FFFC000000000000000000000C000D2
:1080F0000000000306040808080808040201000044
:10810000004040C0C040404040C0808000000000AF
:10811000000000FFFF000000000000010FFCF00065
:10812000000000FFFF00000000000000C0FF1F0073
:108130000008080F0F080808080C040303000000DB
:10814000004040C0C040404040404040C0C00000EF
:10815000000000FFFF000000000080E000010600BA
:10816000000000FFFF0101010101030F000080007A
:108170000008080F0F080808080808080C0E01007E
:10818000004040C0C0404040404040C0C0C000002F
:10819000000000FFFF000000000080E0000106007A
:1081A000000000FFFF0101010101031F00000000AA
:1081B0000008080F0F080800000000000000000081
:1081C00000000000808040404040808000000000AF
:1081D00000E0FC0E03000000000000030E000000A1
:1081E000001FFFC000000000000404FCFC040400A9
:1081F00000000003060C0808080804030300000040
:108200004040C0C04040000000004040C0C040406E
:108210000000FFFF0000000000000000FFFF000062
:108220000000FFFF0101010101010101FFFF00004A
:1082300008080F0F08080000000008080F0F0808C2
:1082400000000040404040C0C040404040000000AE
:1082500000000000000000FFFF0000000000000020
:1082600000000000000000FFFF0000000000000010
:10827000000000080808080F0F08080808000000A0
:10828000000000000040404040C0C040404040006E
:10829000000000000000000000FFFF0000000000E0
:1082A000000000000000000000FFFF0000000000D0
:1082B0000070F0F0808080C0603F1F000000000070
:1082C000004040C0C04040000040C0C040400000EE
:1082D000000000FFFF0080E018060300000000001F
:1082E000000000FFFF0300030F3CF0C0000000008F
:1082F0000008080F0F0808000000090F0E0808000A
:10830000004040C0C04040000000000000000000ED
:10831000000000FFFF00000000000000000000005F
:10832000000000FFFF0000000000000000008000CF
:108330000008080F0F080808080808080C0E0100BC
:108340004040C0C08000000000000080C0C040402D
:108350000000FF0FFFF0000000807807FFFF000023
:108360000000FF00011FFEC0F00F0000FFFF000033
:1083700008080F080000030F000008080F0F080886
:108380004040C0C0800000000000004040C04040AD
:108390000000FF01071E78E08000000000FF0000E1
:1083A0000000FF0000000001071E78E080FF0000D1
:1083B00008080F080800000000000001070F000077
:1083C00000000000808040404040808000000000AD
:1083D00000F0FC0F01000000000000010FFCE000B5
:1083E000001FFFC00000000000000000C0FF3F00B1
:1083F0000000000306040808080804060300000043
:10840000004040C0C0404040404040C080000000AC
:10841000000000FFFF0000000000000081FF7E0060
:10842000000000FFFF020202020202010100000040
:108430000008080F0F0808000000000000000000FE
:10844000000000008080404040408080000000002C
:1084500000F0FC0F01000000000000010FFCF00024
:10846000003FFF8080404040C080000080FF3F0010
:108470000000010307040808080F3F76636110003D
:10848000004040C0C04040404040C08080000000EC
:10849000000000FFFF000000000080C17F3E0000E0
:1084A000000000FFFF010101073FF9C000000000CC
:1084B0000008080F0F0808000000010F0E08080050
:1084C00000000080C040404040C08080C0000000EC
:1084D000003E7FE1C0C08080000000030F0000006C
:1084E00000E08000000101030307061EFCF000000D
:1084F00000000F060408080808080C060301000025
:108500000000C0C0404040C0C040404040C00000EB
:1085100000060100000000FFFF000000000107004E
:1085200000000000000000FFFF000000000000004D
:10853000000000000008080F0F08080000000000FD
:108540004040C0C04040000000004040C0404000EB
:108550000000FFFF0000000000000000FF0000001E
:108560000000FFFF0000000000000000FF0000000E
:1085700000000107060C08080808040201000000BA
:10858000004040C0C040000000000040C0C04000AB
:1085900000000007FFF800000000807807000000DE
:1085A00000000000000FFFF08078070000000000CE
:1085B000000000000000000F0300000000000000A9
:1085C00040C0C040000040C0C040000040C0C040AB
:1085D0000001FFF8000000F3FFF80000C03F0000BA
:1085E0000000003FFCE01E0101FFFCF00F00000056
:1085F000000000000F03000000000F010000000059
:10860000004040C0C040000000004040C04040006A
:1086100000000001071E78E0C0300C0300000000DD
:1086200000000000806018070F7CF0C00000000010
:108630000008080E0B0800000000090F0E0C0800CF
:108640000040C0C0C040400000004040C04040006A
:10865000000000031F7CE0800080700E010000001D
:1086600000000000000003FFFE0100000000000009
:10867000000000000008080F0F08080000000000BC
:10868000000000C0C0C0404040404040C0C040006A
:108690000000060301000000C0F0380E07010000D2
:1086A00000000080C0703C0F03000000000080004C
:1086B00000080E0F090808080808080C0C0F010034
:1086C000000000000000F8F808080808080800008A
:1086D000000000000000FFFF00000000000000009C
:1086E000000000000000FFFF00000000000000008C
:1086F0000000000000003F3F20202020202000003C
:1087000000000060E0000000000000000000000029
:1087100000000000010F3CE08000000000000000AD
:108720000000000000000001073CF0C00000000055
:108730000000000000000000000001073E7840003B
:108740000000080808080808F8F800000000000009
:108750000000000000000000FFFF0000000000001B
:108760000000000000000000FFFF0000000000000B
:1087700000002020202020203F3F000000000000BB
:108780000000000020101C0C0C0C18200000000041
:1087900000000000000000000000000000000000D9
:1087A00000000000000000000000000000000000C9
:1087B00000000000000000000000000000000000B9
:1087C00000000000000000000000000000000000A9
:1087D0000000000000000000000000000000000099
:1087E0000000000000000000000000000000000089
:1087F0008080808080808080808080808080808079
:108800000000000404040C08100000000000000038
:108810000000000000000000000000000000000058
:108820000000000000000000000000000000000048
:108830000000000000000000000000000000000038
:108840000000000000000000000000000000000028
:10885000000080C040202020202060C08000000058
:1088600000C0E33310180808080804FFFF000000E8
:108870000003070C08080808080404070F08080686
:10888000004040C0E00000000000000000000000C8
:10889000000000FFFF804020202060C0C0000000DA
:1088A000000000FFFF01000000000000FFFF0000CB
:1088B0000000000F0706080808080C060300000067
:1088C00000000000000000000000000000000000A8
:1088D00000000000C0C06020202020C080000000F8
:1088E0000000FEFF01000000000000030380000004
:1088F000000000030704080808080804020100003B
:108900000000000000000000004040C0E000000047
:1089100000000080C0602020202040FFFF000000F9
:108920000000FEFF01000000000000FFFF0000004B
:1089300000000003060C08080804020F07040400E6
:108940000000000000000000000000000000000027
:1089500000000000C0402020202040C08000000017
:108960000000FEFF11101010101010101F1E00004C
:108970000000000307040C080808080406010000B2
:1089800000000000000000808040404040C08000A7
:10899000000020202020FEFF2020202020030300B4
:1089A000000000000000FFFF0000000000000000C9
:1089B0000000000808080F0F080808080000000061
:1089C00000000000000000000000000000000000A7
:1089D00000000000C0402020202060C0A060600097
:1089E000000000C7FF3020202020301F0F000000B3
:1089F0000000387D47838383838382467E3C00006A
:108A0000004040C0E0000000000000000000000046
:108A1000000000FFFF804020202060C08000000098
:108A2000000000FFFF000000000000FFFF0000004A
:108A30000008080F0F0808000008080F0F080800BA
:108A400000000000000080C0C080000000000000A6
:108A500000000020202020E1F100000000000000C4
:108A600000000000000000FFFF0000000000000008
:108A7000000000080808080F0F0808080800000098
:108A800000000000000000000080C0C0C000000026
:108A900000000000000020202020E1F10000000084
:108AA00000000000000000000000FFFF00000000C8
:108AB00000000060E080808080603F1F00000000B8
:108AC000004040C0E0000000000000000000000086
:108AD000000000FFFF0000000020E06020200000F8
:108AE000000000FFFF30180C3E71C0800000000045
:108AF0000008080F0F0808000000090F0E0C0800FE
:108B000000000040404040C0E000000000000000C5
:108B100000000000000000FFFF0000000000000057
:108B200000000000000000FFFF0000000000000047
:108B3000000000080808080F0F08080808000000D7
:108B40000000000000000000000000000000000025
:108B500020E0F040202020E0C040202020E0C000A5
:108B600000FFFF00000000FFFF00000000FFFF000B
:108B7000080F0F080000080F0F080000080F0F086B
:108B800000000000000000000000000000000000E5
:108B9000004040C0E0804020202060C080000000F5
:108BA000000000FFFF000000000000FFFF000000C9
:108BB0000008080F0F0808000008080F0F08080039
:108BC00000000000000000000000000000000000A5
:108BD00000000000C0402020202040C08000000095
:108BE0000000FCFF0100000000000001FFFE00008B
:108BF0000000000307040808080804070300000039
:108C00000000000000000000000000000000000064
:108C1000004040C0E0804020202060C08000000074
:108C2000000000FFFF00000000000000FFFE000049
:108C3000008080FFFF86840808080C0703000000FE
:108C40000000000000000000000000000000000024
:108C500000000080C04020202060C0C0E000000074
:108C60000000FEFF01000000000000FFFF00000008
:108C700000000003060C0808088486FFFF808000BF
:108C800000000000000000000000000000000000E4
:108C90000040404040E0E0008040402020E0C00034
:108CA0000000000000FFFF030100000000000000C2
:108CB00000080808080F0F08080808000000000056
:108CC00000000000000000000000000000000000A4
:108CD0000000000080C0602020202040C0E0000094
:108CE00000000080070F0C1818383070E0C3000037
:108CF0000000000F060408080808080C070300001D
:108D00000000000000000000000000000000000063
:108D1000000020202030F8FF20202020200000002C
:108D2000000000000000FFFF000000000000000045
:108D300000000000000003070C08080804030000FE
:108D40000000000000000000000000000000000023
:108D5000002020E0F0000000002020E0F0000000F3
:108D6000000000FFFF000000000000FFFF00000007
:108D700000000003070C08080804020F07040400A1
:108D800000000000000000000000000000000000E3
:108D9000002020E0E020000000002020E060200013
:108DA00000000001073EF0C000C0380701000000CD
:108DB000000000000000010F07010000000000009B
:108DC00000000000000000000000000000000000A3
:108DD0002060E020200020E0E020000020E0602073
:108DE0000000077FF080F00F1FFCC0C03C030000B4
:108DF00000000000070F000000010F03000000004A
:108E00000000000000000000000000000000000062
:108E100000002020E0E0A000002020E02020000052
:108E2000000000000081473E38E6C100000000005D
:108E30000008080C0E0900000008090F0E080800C1
:108E40000000000000000000000000000000000022
:108E5000002020E0E0200000000020E06020200052
:108E600000000000031E78C000E01C0300000000AA
:108E70000000C0C0C0C0601F030000000000000070
:108E800000000000000000000000000000000000E2
:108E90000000E0E0202020202020E0E06000000032
:108EA0000000030080C0F0381E07030000800000AF
:108EB00000000C0E0B0908080808080C0E0300003F
:108EC00000000000000000000000F00804040000A2
:108ED000000000000000000080807F000000000013
:108EE00000000000000000010102FC000000000082
:108EF000000000000000000000001F2040400000B3
:108F00000000000000000000FF0000000000000062
:108F10000000000000000000FF0000000000000052
:108F20000000000000000000FF0000000000000042
:108F30000000000000000000FF0000000000000032
:108F4000000000040408F000000000000000000021
:108F50000000000000007F80800000000000000092
:108F6000000000000000FC02010100000000000001
:108F70000000004040201F00000000000000000032
:108F8000001804020202060C38206040402018003D
:108F900000000000000000000000000000000000D1
:108FA00000000000000000000000000000000000C1
:108FB00000000000000000000000000000000000B1
:108FC000DB0F4940E12E654235FA8E3CF6FF793DD4
:108FD0002E9E8B3A00000000555555555555C53FFE
:108FE0007D6FEB0312D6D4BF5544880E55C1C93FDF
:108FF0003B8F68B52882A4BF88B20175E0EF493F76
:1090000009F7FD0DE13D023F4B2D8A1C273A03C0B5
:10901000C88A599CE52A004059018D1B6C06E6BFA1
:1090200082922EB1C5B8B33F4FBB610567ACDD3F3F
:10903000182D4454FB21E93F9BF681D20B73EF3F7F
:10904000182D4454FB21F93FE2652F227F2B7A3CF7
:10905000075C143326A6813CBDCBF07A8807703CB0
:10906000075C143326A6913CC4EB98999999C9BF23
:10907000711623FEC671BCBF6D9A74AFF2B0B3BF58
:109080009AFDDE522DDEADBF2F6C6A2C44B4A2BF18
:109090000D5555555555D53FFF8300922449C23F84
:1090A0006E204CC5CD45B73F513DD0A0660DB13FB8
:1090B000EB0D76244B7BA93F11DA22E33AAD903FCA
:1090C0000000000000000000E89000080000002000
:1090D000400100006E0A0008549100084001002081
:1090E00000070000985B0008412D010203040440C2
:1090F00009060708090204060823BC021ACA0A1B4B
:109100002C0120044003015513B8016220C3803FA5
:10911000C50AD7A33C08092E6F12833A0C020B3FF5
:10912000183107193F17B7D138FF1A01CA2119D7CB
:109130001129D3091625691B13C4021B20F8041A30
:10914000F4B81A28081A5C041A9004132C031B2084
:049150006004810036
:0400000508000131BD
:00000001FF
